-- phpMyAdmin SQL Dump
-- version 5.2.1
-- https://www.phpmyadmin.net/
--
-- Máy chủ: 127.0.0.1
-- Thời gian đã tạo: Th6 26, 2023 lúc 10:43 AM
-- Phiên bản máy phục vụ: 10.4.28-MariaDB
-- Phiên bản PHP: 8.0.28

SET SQL_MODE = "NO_AUTO_VALUE_ON_ZERO";
START TRANSACTION;
SET time_zone = "+00:00";


/*!40101 SET @OLD_CHARACTER_SET_CLIENT=@@CHARACTER_SET_CLIENT */;
/*!40101 SET @OLD_CHARACTER_SET_RESULTS=@@CHARACTER_SET_RESULTS */;
/*!40101 SET @OLD_COLLATION_CONNECTION=@@COLLATION_CONNECTION */;
/*!40101 SET NAMES utf8mb4 */;

--
-- Cơ sở dữ liệu: `mockprojectdb`
--

-- --------------------------------------------------------

--
-- Cấu trúc bảng cho bảng `bookings`
--

CREATE TABLE `bookings` (
  `id` int(11) NOT NULL,
  `user_id` int(11) DEFAULT NULL,
  `created_at` datetime DEFAULT NULL,
  `updated_at` datetime DEFAULT NULL
) ENGINE=InnoDB DEFAULT CHARSET=utf8 COLLATE=utf8_general_mysql500_ci COMMENT='Người dùng book vé';

--
-- Đang đổ dữ liệu cho bảng `bookings`
--

INSERT INTO `bookings` (`id`, `user_id`, `created_at`, `updated_at`) VALUES
(17, 10, '2023-06-01 11:48:28', '2023-06-01 11:48:28'),
(18, 10, '2023-06-01 11:48:28', '2023-06-01 11:48:28'),
(19, 10, '2023-06-01 21:35:56', '2023-06-01 21:35:56'),
(20, 10, '2023-06-01 21:35:56', '2023-06-01 21:35:56'),
(21, 10, '2023-06-13 15:37:58', '2023-06-13 15:37:58'),
(22, 10, '2023-06-13 15:37:58', '2023-06-13 15:37:58'),
(23, 10, '2023-06-13 16:18:28', '2023-06-13 16:18:28'),
(24, 10, '2023-06-13 16:55:00', '2023-06-13 16:55:00'),
(25, 9, '2023-06-13 16:55:41', '2023-06-13 16:55:41'),
(26, 9, '2023-06-13 16:55:41', '2023-06-13 16:55:41'),
(27, 10, '2023-06-19 11:48:24', '2023-06-19 11:48:24'),
(28, 10, '2023-06-19 11:48:24', '2023-06-19 11:48:24'),
(29, 9, '2023-06-20 18:21:20', '2023-06-20 18:21:20'),
(30, 9, '2023-06-20 19:29:38', '2023-06-20 19:29:38'),
(31, 9, '2023-06-20 19:29:38', '2023-06-20 19:29:38'),
(32, 9, '2023-06-20 19:29:38', '2023-06-20 19:29:38'),
(33, 9, '2023-06-20 19:29:38', '2023-06-20 19:29:38'),
(34, 10, '2023-06-20 21:31:21', '2023-06-20 21:31:21'),
(35, 9, '2023-06-20 22:39:18', '2023-06-20 22:39:18'),
(36, 10, '2023-06-20 22:57:07', '2023-06-20 22:57:07'),
(37, 9, '2023-06-20 23:40:27', '2023-06-20 23:40:27'),
(38, 9, '2023-06-22 17:17:47', '2023-06-22 17:17:47'),
(39, 9, '2023-06-22 17:17:47', '2023-06-22 17:17:47');

-- --------------------------------------------------------

--
-- Cấu trúc bảng cho bảng `booking_details`
--

CREATE TABLE `booking_details` (
  `id` int(11) NOT NULL,
  `booking_id` int(11) DEFAULT NULL,
  `tickets_id` int(11) DEFAULT NULL,
  `seats_id` int(11) DEFAULT NULL
) ENGINE=InnoDB DEFAULT CHARSET=utf8 COLLATE=utf8_general_mysql500_ci COMMENT='Chi tiết đặt vé';

--
-- Đang đổ dữ liệu cho bảng `booking_details`
--

INSERT INTO `booking_details` (`id`, `booking_id`, `tickets_id`, `seats_id`) VALUES
(16, 21, 17, 1470),
(20, 25, 21, 1712),
(21, 26, 22, 1723),
(24, 29, 25, 2491),
(29, 34, 30, 2749),
(33, 38, 34, 2999),
(34, 39, 35, 3000);

-- --------------------------------------------------------

--
-- Cấu trúc bảng cho bảng `categories`
--

CREATE TABLE `categories` (
  `id` int(11) NOT NULL,
  `name` varchar(255) DEFAULT NULL
) ENGINE=InnoDB DEFAULT CHARSET=utf8 COLLATE=utf8_unicode_ci COMMENT='Thể loại phim';

--
-- Đang đổ dữ liệu cho bảng `categories`
--

INSERT INTO `categories` (`id`, `name`) VALUES
(1, 'Hành động'),
(2, 'Hài'),
(3, 'Tâm lý'),
(4, 'Tình cảm'),
(5, 'Phiêu lưu'),
(6, 'Hoạt hình'),
(7, 'Kinh dị'),
(8, 'Khoa học viễn tưởng'),
(9, 'Thần thoại');

-- --------------------------------------------------------

--
-- Cấu trúc bảng cho bảng `category_film`
--

CREATE TABLE `category_film` (
  `id` int(11) NOT NULL,
  `category_id` int(11) DEFAULT NULL,
  `film_id` int(11) DEFAULT NULL
) ENGINE=InnoDB DEFAULT CHARSET=utf8 COLLATE=utf8_general_mysql500_ci;

--
-- Đang đổ dữ liệu cho bảng `category_film`
--

INSERT INTO `category_film` (`id`, `category_id`, `film_id`) VALUES
(96, 2, 2),
(97, 4, 2),
(115, 2, 44),
(116, 4, 44),
(117, 1, 45),
(119, 6, 47),
(120, 1, 48),
(121, 1, 49),
(122, 6, 46),
(127, 1, 43),
(128, 5, 43),
(143, 6, 50),
(149, 2, 54),
(150, 6, 54),
(151, 1, 55),
(152, 5, 55),
(153, 1, 56),
(154, 5, 56),
(159, 1, 1),
(160, 2, 1),
(161, 3, 1),
(162, 4, 1),
(163, 1, 52),
(164, 5, 52),
(165, 6, 51),
(167, 1, 57),
(168, 1, 57),
(169, 4, 57),
(170, 3, 57),
(171, 2, 57),
(172, 1, 53),
(173, 5, 53),
(174, 8, 53);

-- --------------------------------------------------------

--
-- Cấu trúc bảng cho bảng `films`
--

CREATE TABLE `films` (
  `id` int(11) NOT NULL,
  `name` varchar(255) DEFAULT NULL,
  `actors` varchar(255) DEFAULT NULL,
  `producer` varchar(255) DEFAULT NULL,
  `duration` float DEFAULT NULL,
  `description` longtext DEFAULT NULL,
  `imagepath` varchar(255) DEFAULT NULL,
  `created_at` date DEFAULT NULL,
  `updated_at` datetime DEFAULT NULL
) ENGINE=InnoDB DEFAULT CHARSET=utf8 COLLATE=utf8_general_ci COMMENT='Bảng phim';

--
-- Đang đổ dữ liệu cho bảng `films`
--

INSERT INTO `films` (`id`, `name`, `actors`, `producer`, `duration`, `description`, `imagepath`, `created_at`, `updated_at`) VALUES
(1, 'LẬT MẶT 6-TẤM VÉ ĐỊNH MỆNH', 'Lý Hải, Quốc Cường, Trung Dũng, Huy Khánh, Thanh Thức, Trần Kim Hải, Huỳnh Thi, Diệp Bảo Ngọc, Tú Tri, Quỳnh Như, Tạ Lâm, bé Thùy Linh…', 'Lý Hải', 2, 'Một nh&oacute;m bạn th&acirc;n l&acirc;u năm bất ngờ nhận được cơ hội đổi đời khi biết tấm v&eacute; của cả nh&oacute;m tr&uacute;ng giải độc đắc 136.8 tỷ. Đột nhi&ecirc;n An, người nắm giữ tấm v&eacute; bất ngờ gặp tai nạn kh&ocirc;ng qua khỏi. Đứng trước m&oacute;n tiền tr&uacute;ng số đ&aacute;ng mơ ước lẽ ra sẽ dễ d&agrave;ng c&oacute; được trong tầm tay, nh&oacute;m bạn bước ch&acirc;n v&agrave;o h&agrave;nh tr&igrave;nh đi t&igrave;m tờ v&eacute; số. Nhưng đ&oacute; chỉ l&agrave; khởi đầu của v&ocirc; số những sự kiện kh&ocirc;ng ngờ đến. Liệu h&agrave;nh tr&igrave;nh t&igrave;m kiếm v&agrave; chia ch&aacute;c m&oacute;n tiền trong mơ b&eacute;o bở n&agrave;y sẽ thực sự dẫn đưa cả nh&oacute;m đến đ&acirc;u?\n', 'latmat6.jpg', '2023-04-28', '2023-06-02 16:23:42'),
(43, 'VỆ BINH DẢI NGÂN HÀ 3', 'Chris Pratt, Zoe Saldana, Dave Bautista', 'James Gunn', 2, 'Cho d&ugrave; vũ trụ n&agrave;y c&oacute; bao la đến đ&acirc;u, c&aacute;c Vệ Binh của ch&uacute;ng ta cũng kh&ocirc;ng thể trốn chạy m&atilde;i m&atilde;i. Vệ Binh Dải Ng&acirc;n H&agrave; 3 dự kiến khởi chiếu tại rạp từ 05.05.2023.<br />\n&nbsp;\n', 'vbdnh3.jpg', '2023-05-24', '2023-06-01 10:35:08'),
(44, 'CHUYỆN XÓM TUI - CON NHÓT MÓT CHỒNG', 'Thái Hòa, Thu Trang, Tiến Luật, NSND Hồng Vân, Huỳnh Phương, Vinh Râu, Thái Vũ,...', 'Vũ Ngọc Đãng', 2, 'Lấy cảm hứng từ web drama Chuyện X&oacute;m Tui, phi&ecirc;n bản điện ảnh sẽ mang một m&agrave;u sắc ho&agrave;n to&agrave;n kh&aacute;c: h&agrave;i hước hơn, gần gũi v&agrave; nhiều cảm x&uacute;c hơn Bộ phim l&agrave; c&acirc;u chuyện của Nh&oacute;t - người phụ nữ &ldquo;chưa kịp gi&agrave;&rdquo; đ&atilde; sắp bị m&atilde;n kinh, vội v&agrave;ng đi t&igrave;m chồng. Nhưng s&acirc;u thẳm trong c&ocirc;, l&agrave; khao kh&aacute;t muốn c&oacute; một đứa con v&agrave; lu&ocirc;n muốn h&agrave;n gắn với người cha suốt ng&agrave;y say xỉn của m&igrave;nh.\n', '1_1681877154581.jpg', '2023-05-23', '2023-05-23 14:25:36'),
(45, 'FAST AND FURIOUS X', 'Vin Diesel, Jason Momoa, Brie Larson,…', 'Louis Leterrier', 2, 'Dom Toretto v&agrave; gia đ&igrave;nh của anh ấy bị trở th&agrave;nh mục ti&ecirc;u của người con trai đầy th&ugrave; hận của &ocirc;ng tr&ugrave;m ma t&uacute;y Hernan Reyes.\n', 'fast_x.jpg', '2023-05-15', '2023-05-23 14:29:27'),
(46, 'PHIM ĐIỆN ẢNH DORAEMON - NOBITA VÀ VÙNG ĐẤT LÝ TƯỞNG TRÊN BẦU TRỜI  (LỒNG TIẾNG)', 'Mizuta Wasabi, Megumi Oohara', 'Takumi Doyama', 2, 'Phim điện ảnh Doraemon: Nobita V&agrave; V&ugrave;ng Đất L&yacute; Tưởng Tr&ecirc;n Bầu Trời kể c&acirc;u chuyện khi Nobita t&igrave;m thấy một h&ograve;n đảo h&igrave;nh lưỡi liềm tr&ecirc;n trời m&acirc;y. Ở nơi đ&oacute;, tất cả đều ho&agrave;n hảo&hellip; đến mức cậu nh&oacute;c Nobita m&ecirc; ngủ ng&agrave;y cũng c&oacute; thể trở th&agrave;nh một thần đồng to&aacute;n học, một si&ecirc;u sao thể thao. Cả hội Doraemon c&ugrave;ng sử dụng một m&oacute;n bảo bối độc đ&aacute;o chưa từng xuất hiện trước đ&acirc;y để đến với vương quốc tuyệt vời n&agrave;y. C&ugrave;ng với những người bạn ở đ&acirc;y, đặc biệt l&agrave; ch&agrave;ng robot m&egrave;o Sonya, cả hội đ&atilde; c&oacute; chuyến h&agrave;nh tr&igrave;nh tới vương quốc tr&ecirc;n m&acirc;y tuyệt vời&hellip; cho đến khi những b&iacute; mật đằng sau v&ugrave;ng đất l&yacute; tưởng n&agrave;y được h&eacute; lộ.<br />\n&nbsp;\n', 'main_poster_-_dmmovie2023.jpg', '2023-05-26', '2023-05-25 17:23:59'),
(47, 'CÔ BÉ CỨU HỎA (LỒNG TIẾNG)', '', 'Laurent Zeitoun, Theodore Ty', 1, 'C&ocirc; B&eacute; Cứu Hoả (t&ecirc;n tiếng Anh: Fireheart) đưa người xem bước v&agrave;o h&agrave;nh tr&igrave;nh phi&ecirc;u lưu kỳ th&uacute; của Georgia Nolan - một c&ocirc; b&eacute; th&ocirc;ng minh, nhiệt huyết với ước mơ trở th&agrave;nh l&iacute;nh cứu hoả như ba m&igrave;nh. Tuy nhi&ecirc;n, năm 1932 tại New York, phụ nữ kh&ocirc;ng được ph&eacute;p l&agrave;m c&ocirc;ng việc n&agrave;y. Nhưng cơ hội &ldquo;v&agrave;ng&rdquo; đ&atilde; đến khi Georgia nảy ra &yacute; định cải trang th&agrave;nh Joe - một ch&agrave;ng trai vụng về gia nhập đội cứu hoả do ch&iacute;nh ba m&igrave;nh th&agrave;nh lập. Vừa phải bảo vệ danh t&iacute;nh thật, vừa phải dấn th&acirc;n v&agrave;o phi vụ mạo hiểm: Giải cứu những người l&iacute;nh cứu hoả của th&agrave;nh phố đ&atilde; lần lượt biến mất trong ngọn lửa b&iacute; ẩn thi&ecirc;u rụi Nh&agrave; h&aacute;t Broadway, liệu Georgia c&oacute; dũng cảm vượt qua tất cả v&agrave; th&agrave;nh c&ocirc;ng?\n', 'fireheart_main-poster_sneak-show_1_.jpg', '2023-05-12', '2023-05-23 14:32:02'),
(48, 'NHỮNG KẺ THAO TÚNG ', 'Ben Affleck, Alice Braga, William Fichtner, JD Pardo', 'Robert Rodriguez', 2, 'Phim theo ch&acirc;n th&aacute;m tử Daniel Rourke (Ben Affleck) trong h&agrave;nh tr&igrave;nh t&igrave;m kiếm c&ocirc; con g&aacute;i bị mất t&iacute;ch. Anh sớm nhận ra tất cả những chuyện b&iacute; ẩn n&agrave;y đều li&ecirc;n quan đến một người đ&agrave;n &ocirc;ng c&oacute; sức mạnh th&ocirc;i mi&ecirc;n, bẻ cong thực tại. Với sự hỗ trợ từ nh&agrave; ngoại cảm Diana Cruz (Alice Braga), Daniel bắt đầu truy đuổi hắn v&agrave; phải t&igrave;m mọi c&aacute;ch để đưa con g&aacute;i m&igrave;nh trở về nh&agrave; an to&agrave;n.<br />\n&nbsp;\n', 'poster_nktt_4.jpg', '2023-05-12', '2023-05-23 14:33:10'),
(49, 'SISU - GIÀ GÂN BÁO THÙ', 'Jorma Tommila, Aksel Hennie, Jack Doolan…', 'Jalmari Helander', 2, 'Lấy bối cảnh năm 1944, SISU kể c&acirc;u chuyện về một cựu binh ph&aacute;t hiện ra mỏ v&agrave;ng trong v&ugrave;ng hoang d&atilde; của Phần Lan. Tr&ecirc;n đường v&agrave;o th&agrave;nh phố b&aacute;n v&agrave;ng, những t&ecirc;n l&iacute;nh Ph&aacute;t X&iacute;t t&agrave;n bạo đang thực hiện nhiệm vụ t&agrave;n ph&aacute; khắp nơi đ&atilde; ph&aacute;t hiện ra kho b&aacute;u v&agrave; cướp lấy n&oacute; từ tay anh ta. Cựu binh quyết t&acirc;m đ&ograve;i lại tất cả, từ nợ cho đến th&ugrave;, thậm ch&iacute; nếu điều đ&oacute; c&oacute; nghĩa l&agrave; giết hết tất cả l&iacute;nh Ph&aacute;t X&iacute;t.<br />\n&nbsp;\n', 'poster-50x70cm-1.jpg', '2023-05-12', '2023-05-23 14:34:03'),
(51, 'BÉ TRỨNG - NÁO LOẠN CHÂU PHI', 'Maite Perroni, Bruno Bichir', 'Gabriel Riva Palacio Alatriste', 2, '<p>Một ch&uacute; g&agrave; trống dễ thương, t&ecirc;n l&agrave; Toto, sống y&ecirc;n b&igrave;nh b&ecirc;n ch&uacute; g&agrave; nhỏ Di của m&igrave;nh trong trang trại Poll&oacute;n nổi tiếng. Dần dần, cả hai nảy sinh t&igrave;nh cảm v&agrave; giờ đ&acirc;y, họ đ&atilde; trở th&agrave;nh cha mẹ đ&aacute;ng tự h&agrave;o của một cặp trứng nhỏ dễ thương t&ecirc;n l&agrave; Uly v&agrave; Max, ch&uacute;ng c&oacute; đặc điểm l&agrave; rất v&agrave;ng, khiến ch&uacute;ng tr&ocirc;ng giống như những &ldquo;quả trứng v&agrave;ng&rdquo;. V&agrave; ch&iacute;nh v&igrave; l&yacute; do n&agrave;y m&agrave; một số nh&agrave; sưu tập trứng người Nga đ&atilde; đ&aacute;nh cắp ch&uacute;ng để mang đến Congo ch&acirc;u Phi, nơi họ định kỳ tổ chức c&aacute;c bữa ăn b&iacute; mật cho c&aacute;c triệu ph&uacute; tr&ecirc;n thế giới, những người trả h&agrave;ng ng&agrave;n đ&ocirc; la cho những m&oacute;n ăn kỳ lạ nhất.</p>\r\n\r\n<p>Toto v&agrave; Di c&ugrave;ng với những người bạn trứng: Confi, Willy v&agrave; Bibi phải t&igrave;m c&aacute;ch du h&agrave;nh đến lục địa ch&acirc;u Phi để c&oacute; thể kịp thời giải cứu c&aacute;c con, tr&aacute;nh mu&ocirc;n v&agrave;n nguy hiểm như c&aacute; sấu đ&oacute;i, bộ ba h&agrave; m&atilde; hung hăng, một bầy khỉ đi&ecirc;n v&agrave; thậm ch&iacute; cả Ch&uacute;a Tể rừng xanh</p>\r\n', '300x450_1685437021762.jpg', '2023-06-09', '2023-06-03 15:39:32'),
(52, 'TRANSFORMERS - QUÁI THÚ TRỖI DẬY', 'Michelle Yeoh, Dominique Fishback, Ron Perlman', 'Steven Caple Jr.', 2, 'Bộ phim dựa tr&ecirc;n sự kiện Beast Wars trong loạt phim hoạt h&igrave;nh &quot;Transformers&quot;, nơi m&agrave; c&aacute;c robot c&oacute; khả năng biến th&agrave;nh động vật khổng lồ c&ugrave;ng chiến đấu chống lại một mối đe dọa tiềm t&agrave;ng.\r\n', 'TRANSFORMER_MontagePoster_1080x1350.jpg', '2023-06-09', '2023-06-03 14:17:05'),
(53, 'FLASH', 'Ben Affleck, Michael Shannon, Michael Keaton', 'Andy Muschietti', 2, 'M&ugrave;a h&egrave; n&agrave;y, đa thế giới sẽ va chạm khốc liệt với những bước chạy của FLASH\r\n', 'vn_flash_vert_intl_montage_2764x4096.jpg', '2023-06-16', '2023-06-20 15:43:43'),
(54, 'XỨ SỞ CÁC NGUYÊN TỐ', 'Leah Lewis, Mamoudou Athie', 'Peter Sohn', 2, '<p>Xứ Sở C&aacute;c Nguy&ecirc;n Tố từ Disney v&agrave; Pixar lấy bối cảnh tại th&agrave;nh phố c&aacute;c nguy&ecirc;n tố, nơi lửa, nước, đất v&agrave; kh&ocirc;ng kh&iacute; c&ugrave;ng chung sống với nhau. C&acirc;u chuyện xoay quanh nh&acirc;n vật Ember, một c&ocirc; n&agrave;ng c&aacute; t&iacute;nh, th&ocirc;ng minh, mạnh mẽ v&agrave; đầy sức h&uacute;t. Tuy nhi&ecirc;n, mối quan hệ của c&ocirc; với Wade - một anh ch&agrave;ng h&agrave;i hước, lu&ocirc;n thuận thế đẩy d&ograve;ng - khiến Ember cảm thấy ngờ vực với thế giới n&agrave;y. Được đạo diễn bởi Peter Sohn, sản xuất bởi Denise Ream, v&agrave; lồng tiếng bởi Leah Lewis (Ember) v&agrave; Mamoudou Athie (Wade), phim dự kiến khởi chiếu tại rạp v&agrave;o th&aacute;ng 23.06.2023.<br />\r\n&nbsp;</p>\r\n', 'elemental_teaser_poster_vietnam_1_.jpg', '2023-06-23', '2023-06-02 16:08:24'),
(55, 'NHIỆM VỤ - BẤT KHẢ THI NGHIỆP BÁO PHẦN MỘT', 'Tom Cruise, Rebecca Ferguson, Vanessa Kirby', 'Christopher McQuarrie', 2, '<p>Phần phim thứ 7 của loạt phim Nhiệm Vụ Bất Khả Thi</p>\r\n', '700x1000-mi7.jpg', '2023-07-14', '2023-06-02 16:09:34'),
(56, 'INDIANA JONES & VÒNG QUAY ĐỊNH MỆNH', 'Boyd Holbrook, Thomas Kretschmann, Mads Mikkelsen, Harrison Ford, Phoebe Waller-Bridge, Shaunette Renée Wilson', 'James Mangold', 2, '<p>Indiana Jones 5 sẽ pha trộn giữa thực tế, hư cấu khi lấy bối cảnh năm 1969, lần n&agrave;y Indiana Jones sẽ đối mặt với Đức quốc x&atilde; trong thời gian diễn ra cuộc chạy đua v&agrave;o kh&ocirc;ng gian.</p>\r\n', 'ihs.dm859_teaser_poster_static_4x5_dated_rgb_1_.jpg', '2023-06-30', '2023-06-02 16:14:42');

-- --------------------------------------------------------

--
-- Cấu trúc bảng cho bảng `ratings`
--

CREATE TABLE `ratings` (
  `id` int(11) NOT NULL,
  `user_id` int(11) DEFAULT NULL,
  `film_id` int(11) DEFAULT NULL,
  `rate` int(11) DEFAULT NULL,
  `created_at` datetime DEFAULT NULL,
  `updated_at` datetime DEFAULT NULL
) ENGINE=InnoDB DEFAULT CHARSET=utf8 COLLATE=utf8_general_mysql500_ci COMMENT='Bảng đánh giá người dùng về phim';

--
-- Đang đổ dữ liệu cho bảng `ratings`
--

INSERT INTO `ratings` (`id`, `user_id`, `film_id`, `rate`, `created_at`, `updated_at`) VALUES
(4, NULL, 1, 5, NULL, NULL),
(5, NULL, 52, 5, NULL, NULL),
(6, NULL, 52, 4, NULL, NULL),
(7, NULL, 53, 3, NULL, NULL);

-- --------------------------------------------------------

--
-- Cấu trúc bảng cho bảng `rooms`
--

CREATE TABLE `rooms` (
  `id` int(11) NOT NULL,
  `name` varchar(45) DEFAULT NULL,
  `status` tinyint(1) DEFAULT 0,
  `row` int(11) DEFAULT 6,
  `col` int(11) DEFAULT 10
) ENGINE=InnoDB DEFAULT CHARSET=utf8 COLLATE=utf8_general_mysql500_ci COMMENT='phòng chiếu';

--
-- Đang đổ dữ liệu cho bảng `rooms`
--

INSERT INTO `rooms` (`id`, `name`, `status`, `row`, `col`) VALUES
(1, 'Room 1', 0, 10, 6),
(2, 'Room 2', 0, 10, 6),
(3, 'Room 3', 0, 10, 6),
(4, 'Room 4', 0, 10, 6),
(5, 'Room 5', 0, 10, 6);

-- --------------------------------------------------------

--
-- Cấu trúc bảng cho bảng `seats`
--

CREATE TABLE `seats` (
  `id` int(11) NOT NULL,
  `room_id` int(11) DEFAULT NULL,
  `showtime_id` int(11) DEFAULT NULL,
  `name` varchar(255) DEFAULT NULL,
  `status` tinyint(1) DEFAULT 0
) ENGINE=InnoDB DEFAULT CHARSET=utf8 COLLATE=utf8_general_mysql500_ci COMMENT='Ghế ngồi';

--
-- Đang đổ dữ liệu cho bảng `seats`
--

INSERT INTO `seats` (`id`, `room_id`, `showtime_id`, `name`, `status`) VALUES
(745, 1, 32, 'A1', 0),
(746, 1, 32, 'A2', 0),
(747, 1, 32, 'A3', 0),
(748, 1, 32, 'A4', 0),
(749, 1, 32, 'A5', 0),
(750, 1, 32, 'A6', 0),
(751, 1, 32, 'A7', 0),
(752, 1, 32, 'A8', 0),
(753, 1, 32, 'A9', 0),
(754, 1, 32, 'A10', 0),
(755, 1, 32, 'B1', 0),
(756, 1, 32, 'B2', 0),
(757, 1, 32, 'B3', 0),
(758, 1, 32, 'B4', 0),
(759, 1, 32, 'B5', 0),
(760, 1, 32, 'B6', 0),
(761, 1, 32, 'B7', 0),
(762, 1, 32, 'B8', 0),
(763, 1, 32, 'B9', 0),
(764, 1, 32, 'B10', 0),
(765, 1, 32, 'C1', 0),
(766, 1, 32, 'C2', 0),
(767, 1, 32, 'C3', 0),
(768, 1, 32, 'C4', 0),
(769, 1, 32, 'C5', 0),
(770, 1, 32, 'C6', 0),
(771, 1, 32, 'C7', 0),
(772, 1, 32, 'C8', 0),
(773, 1, 32, 'C9', 0),
(774, 1, 32, 'C10', 0),
(775, 1, 32, 'D1', 0),
(776, 1, 32, 'D2', 0),
(777, 1, 32, 'D3', 0),
(778, 1, 32, 'D4', 0),
(779, 1, 32, 'D5', 0),
(780, 1, 32, 'D6', 0),
(781, 1, 32, 'D7', 0),
(782, 1, 32, 'D8', 0),
(783, 1, 32, 'D9', 0),
(784, 1, 32, 'D10', 0),
(785, 1, 32, 'E1', 0),
(786, 1, 32, 'E2', 0),
(787, 1, 32, 'E3', 0),
(788, 1, 32, 'E4', 0),
(789, 1, 32, 'E5', 0),
(790, 1, 32, 'E6', 0),
(791, 1, 32, 'E7', 0),
(792, 1, 32, 'E8', 0),
(793, 1, 32, 'E9', 0),
(794, 1, 32, 'E10', 0),
(795, 1, 32, 'F1', 0),
(796, 1, 32, 'F2', 0),
(797, 1, 32, 'F3', 0),
(798, 1, 32, 'F4', 0),
(799, 1, 32, 'F5', 0),
(800, 1, 32, 'F6', 0),
(801, 1, 32, 'F7', 0),
(802, 1, 32, 'F8', 0),
(803, 1, 32, 'F9', 0),
(804, 1, 32, 'F10', 0),
(805, 1, 33, 'A1', 0),
(806, 1, 33, 'A2', 0),
(807, 1, 33, 'A3', 0),
(808, 1, 33, 'A4', 0),
(809, 1, 33, 'A5', 0),
(810, 1, 33, 'A6', 0),
(811, 1, 33, 'A7', 0),
(812, 1, 33, 'A8', 0),
(813, 1, 33, 'A9', 0),
(814, 1, 33, 'A10', 0),
(815, 1, 33, 'B1', 0),
(816, 1, 33, 'B2', 0),
(817, 1, 33, 'B3', 0),
(818, 1, 33, 'B4', 0),
(819, 1, 33, 'B5', 0),
(820, 1, 33, 'B6', 0),
(821, 1, 33, 'B7', 0),
(822, 1, 33, 'B8', 0),
(823, 1, 33, 'B9', 0),
(824, 1, 33, 'B10', 0),
(825, 1, 33, 'C1', 0),
(826, 1, 33, 'C2', 0),
(827, 1, 33, 'C3', 0),
(828, 1, 33, 'C4', 0),
(829, 1, 33, 'C5', 0),
(830, 1, 33, 'C6', 0),
(831, 1, 33, 'C7', 0),
(832, 1, 33, 'C8', 0),
(833, 1, 33, 'C9', 0),
(834, 1, 33, 'C10', 0),
(835, 1, 33, 'D1', 0),
(836, 1, 33, 'D2', 0),
(837, 1, 33, 'D3', 0),
(838, 1, 33, 'D4', 0),
(839, 1, 33, 'D5', 0),
(840, 1, 33, 'D6', 0),
(841, 1, 33, 'D7', 0),
(842, 1, 33, 'D8', 0),
(843, 1, 33, 'D9', 0),
(844, 1, 33, 'D10', 0),
(845, 1, 33, 'E1', 0),
(846, 1, 33, 'E2', 0),
(847, 1, 33, 'E3', 0),
(848, 1, 33, 'E4', 0),
(849, 1, 33, 'E5', 0),
(850, 1, 33, 'E6', 0),
(851, 1, 33, 'E7', 0),
(852, 1, 33, 'E8', 0),
(853, 1, 33, 'E9', 0),
(854, 1, 33, 'E10', 0),
(855, 1, 33, 'F1', 0),
(856, 1, 33, 'F2', 0),
(857, 1, 33, 'F3', 0),
(858, 1, 33, 'F4', 0),
(859, 1, 33, 'F5', 0),
(860, 1, 33, 'F6', 0),
(861, 1, 33, 'F7', 0),
(862, 1, 33, 'F8', 0),
(863, 1, 33, 'F9', 0),
(864, 1, 33, 'F10', 0),
(865, 1, 34, 'A1', 0),
(866, 1, 34, 'A2', 0),
(867, 1, 34, 'A3', 0),
(868, 1, 34, 'A4', 0),
(869, 1, 34, 'A5', 0),
(870, 1, 34, 'A6', 0),
(871, 1, 34, 'A7', 0),
(872, 1, 34, 'A8', 0),
(873, 1, 34, 'A9', 0),
(874, 1, 34, 'A10', 0),
(875, 1, 34, 'B1', 0),
(876, 1, 34, 'B2', 0),
(877, 1, 34, 'B3', 0),
(878, 1, 34, 'B4', 0),
(879, 1, 34, 'B5', 0),
(880, 1, 34, 'B6', 0),
(881, 1, 34, 'B7', 0),
(882, 1, 34, 'B8', 0),
(883, 1, 34, 'B9', 0),
(884, 1, 34, 'B10', 0),
(885, 1, 34, 'C1', 0),
(886, 1, 34, 'C2', 0),
(887, 1, 34, 'C3', 0),
(888, 1, 34, 'C4', 0),
(889, 1, 34, 'C5', 0),
(890, 1, 34, 'C6', 0),
(891, 1, 34, 'C7', 0),
(892, 1, 34, 'C8', 0),
(893, 1, 34, 'C9', 0),
(894, 1, 34, 'C10', 0),
(895, 1, 34, 'D1', 0),
(896, 1, 34, 'D2', 0),
(897, 1, 34, 'D3', 0),
(898, 1, 34, 'D4', 0),
(899, 1, 34, 'D5', 0),
(900, 1, 34, 'D6', 0),
(901, 1, 34, 'D7', 0),
(902, 1, 34, 'D8', 0),
(903, 1, 34, 'D9', 0),
(904, 1, 34, 'D10', 0),
(905, 1, 34, 'E1', 0),
(906, 1, 34, 'E2', 0),
(907, 1, 34, 'E3', 0),
(908, 1, 34, 'E4', 0),
(909, 1, 34, 'E5', 0),
(910, 1, 34, 'E6', 0),
(911, 1, 34, 'E7', 0),
(912, 1, 34, 'E8', 0),
(913, 1, 34, 'E9', 0),
(914, 1, 34, 'E10', 0),
(915, 1, 34, 'F1', 0),
(916, 1, 34, 'F2', 0),
(917, 1, 34, 'F3', 0),
(918, 1, 34, 'F4', 0),
(919, 1, 34, 'F5', 0),
(920, 1, 34, 'F6', 0),
(921, 1, 34, 'F7', 0),
(922, 1, 34, 'F8', 0),
(923, 1, 34, 'F9', 0),
(924, 1, 34, 'F10', 0),
(925, 2, 35, 'A1', 0),
(926, 2, 35, 'A2', 0),
(927, 2, 35, 'A3', 0),
(928, 2, 35, 'A4', 0),
(929, 2, 35, 'A5', 0),
(930, 2, 35, 'A6', 0),
(931, 2, 35, 'A7', 0),
(932, 2, 35, 'A8', 0),
(933, 2, 35, 'A9', 0),
(934, 2, 35, 'A10', 0),
(935, 2, 35, 'B1', 0),
(936, 2, 35, 'B2', 0),
(937, 2, 35, 'B3', 0),
(938, 2, 35, 'B4', 0),
(939, 2, 35, 'B5', 0),
(940, 2, 35, 'B6', 0),
(941, 2, 35, 'B7', 0),
(942, 2, 35, 'B8', 0),
(943, 2, 35, 'B9', 0),
(944, 2, 35, 'B10', 0),
(945, 2, 35, 'C1', 0),
(946, 2, 35, 'C2', 0),
(947, 2, 35, 'C3', 0),
(948, 2, 35, 'C4', 0),
(949, 2, 35, 'C5', 0),
(950, 2, 35, 'C6', 0),
(951, 2, 35, 'C7', 0),
(952, 2, 35, 'C8', 0),
(953, 2, 35, 'C9', 0),
(954, 2, 35, 'C10', 0),
(955, 2, 35, 'D1', 0),
(956, 2, 35, 'D2', 0),
(957, 2, 35, 'D3', 0),
(958, 2, 35, 'D4', 0),
(959, 2, 35, 'D5', 0),
(960, 2, 35, 'D6', 0),
(961, 2, 35, 'D7', 0),
(962, 2, 35, 'D8', 0),
(963, 2, 35, 'D9', 0),
(964, 2, 35, 'D10', 0),
(965, 2, 35, 'E1', 0),
(966, 2, 35, 'E2', 0),
(967, 2, 35, 'E3', 0),
(968, 2, 35, 'E4', 0),
(969, 2, 35, 'E5', 0),
(970, 2, 35, 'E6', 0),
(971, 2, 35, 'E7', 0),
(972, 2, 35, 'E8', 0),
(973, 2, 35, 'E9', 0),
(974, 2, 35, 'E10', 0),
(975, 2, 35, 'F1', 0),
(976, 2, 35, 'F2', 0),
(977, 2, 35, 'F3', 0),
(978, 2, 35, 'F4', 0),
(979, 2, 35, 'F5', 0),
(980, 2, 35, 'F6', 0),
(981, 2, 35, 'F7', 0),
(982, 2, 35, 'F8', 0),
(983, 2, 35, 'F9', 0),
(984, 2, 35, 'F10', 0),
(985, 1, 36, 'A1', 0),
(986, 1, 36, 'A2', 0),
(987, 1, 36, 'A3', 0),
(988, 1, 36, 'A4', 0),
(989, 1, 36, 'A5', 0),
(990, 1, 36, 'A6', 0),
(991, 1, 36, 'A7', 0),
(992, 1, 36, 'A8', 0),
(993, 1, 36, 'A9', 0),
(994, 1, 36, 'A10', 0),
(995, 1, 36, 'B1', 0),
(996, 1, 36, 'B2', 0),
(997, 1, 36, 'B3', 0),
(998, 1, 36, 'B4', 0),
(999, 1, 36, 'B5', 0),
(1000, 1, 36, 'B6', 0),
(1001, 1, 36, 'B7', 0),
(1002, 1, 36, 'B8', 0),
(1003, 1, 36, 'B9', 0),
(1004, 1, 36, 'B10', 0),
(1005, 1, 36, 'C1', 0),
(1006, 1, 36, 'C2', 0),
(1007, 1, 36, 'C3', 0),
(1008, 1, 36, 'C4', 0),
(1009, 1, 36, 'C5', 0),
(1010, 1, 36, 'C6', 0),
(1011, 1, 36, 'C7', 0),
(1012, 1, 36, 'C8', 0),
(1013, 1, 36, 'C9', 0),
(1014, 1, 36, 'C10', 0),
(1015, 1, 36, 'D1', 0),
(1016, 1, 36, 'D2', 0),
(1017, 1, 36, 'D3', 0),
(1018, 1, 36, 'D4', 0),
(1019, 1, 36, 'D5', 0),
(1020, 1, 36, 'D6', 0),
(1021, 1, 36, 'D7', 0),
(1022, 1, 36, 'D8', 0),
(1023, 1, 36, 'D9', 0),
(1024, 1, 36, 'D10', 0),
(1025, 1, 36, 'E1', 0),
(1026, 1, 36, 'E2', 0),
(1027, 1, 36, 'E3', 0),
(1028, 1, 36, 'E4', 0),
(1029, 1, 36, 'E5', 0),
(1030, 1, 36, 'E6', 0),
(1031, 1, 36, 'E7', 0),
(1032, 1, 36, 'E8', 0),
(1033, 1, 36, 'E9', 0),
(1034, 1, 36, 'E10', 0),
(1035, 1, 36, 'F1', 0),
(1036, 1, 36, 'F2', 0),
(1037, 1, 36, 'F3', 0),
(1038, 1, 36, 'F4', 0),
(1039, 1, 36, 'F5', 0),
(1040, 1, 36, 'F6', 0),
(1041, 1, 36, 'F7', 0),
(1042, 1, 36, 'F8', 0),
(1043, 1, 36, 'F9', 0),
(1044, 1, 36, 'F10', 0),
(1045, 1, 37, 'A1', 0),
(1046, 1, 37, 'A2', 0),
(1047, 1, 37, 'A3', 0),
(1048, 1, 37, 'A4', 0),
(1049, 1, 37, 'A5', 0),
(1050, 1, 37, 'A6', 0),
(1051, 1, 37, 'A7', 0),
(1052, 1, 37, 'A8', 0),
(1053, 1, 37, 'A9', 0),
(1054, 1, 37, 'A10', 0),
(1055, 1, 37, 'B1', 0),
(1056, 1, 37, 'B2', 0),
(1057, 1, 37, 'B3', 0),
(1058, 1, 37, 'B4', 0),
(1059, 1, 37, 'B5', 0),
(1060, 1, 37, 'B6', 0),
(1061, 1, 37, 'B7', 0),
(1062, 1, 37, 'B8', 0),
(1063, 1, 37, 'B9', 0),
(1064, 1, 37, 'B10', 0),
(1065, 1, 37, 'C1', 0),
(1066, 1, 37, 'C2', 0),
(1067, 1, 37, 'C3', 0),
(1068, 1, 37, 'C4', 0),
(1069, 1, 37, 'C5', 0),
(1070, 1, 37, 'C6', 0),
(1071, 1, 37, 'C7', 0),
(1072, 1, 37, 'C8', 0),
(1073, 1, 37, 'C9', 0),
(1074, 1, 37, 'C10', 0),
(1075, 1, 37, 'D1', 0),
(1076, 1, 37, 'D2', 0),
(1077, 1, 37, 'D3', 0),
(1078, 1, 37, 'D4', 0),
(1079, 1, 37, 'D5', 0),
(1080, 1, 37, 'D6', 0),
(1081, 1, 37, 'D7', 0),
(1082, 1, 37, 'D8', 0),
(1083, 1, 37, 'D9', 0),
(1084, 1, 37, 'D10', 0),
(1085, 1, 37, 'E1', 0),
(1086, 1, 37, 'E2', 0),
(1087, 1, 37, 'E3', 0),
(1088, 1, 37, 'E4', 0),
(1089, 1, 37, 'E5', 0),
(1090, 1, 37, 'E6', 0),
(1091, 1, 37, 'E7', 0),
(1092, 1, 37, 'E8', 0),
(1093, 1, 37, 'E9', 0),
(1094, 1, 37, 'E10', 0),
(1095, 1, 37, 'F1', 0),
(1096, 1, 37, 'F2', 0),
(1097, 1, 37, 'F3', 0),
(1098, 1, 37, 'F4', 0),
(1099, 1, 37, 'F5', 0),
(1100, 1, 37, 'F6', 0),
(1101, 1, 37, 'F7', 0),
(1102, 1, 37, 'F8', 0),
(1103, 1, 37, 'F9', 0),
(1104, 1, 37, 'F10', 0),
(1465, 1, 44, 'A1', 0),
(1466, 1, 44, 'A2', 0),
(1467, 1, 44, 'A3', 0),
(1468, 1, 44, 'A4', 0),
(1469, 1, 44, 'A5', 0),
(1470, 1, 44, 'A6', 1),
(1471, 1, 44, 'A7', 1),
(1472, 1, 44, 'A8', 0),
(1473, 1, 44, 'A9', 0),
(1474, 1, 44, 'A10', 0),
(1475, 1, 44, 'B1', 0),
(1476, 1, 44, 'B2', 0),
(1477, 1, 44, 'B3', 0),
(1478, 1, 44, 'B4', 0),
(1479, 1, 44, 'B5', 0),
(1480, 1, 44, 'B6', 0),
(1481, 1, 44, 'B7', 0),
(1482, 1, 44, 'B8', 0),
(1483, 1, 44, 'B9', 0),
(1484, 1, 44, 'B10', 0),
(1485, 1, 44, 'C1', 0),
(1486, 1, 44, 'C2', 0),
(1487, 1, 44, 'C3', 0),
(1488, 1, 44, 'C4', 0),
(1489, 1, 44, 'C5', 0),
(1490, 1, 44, 'C6', 0),
(1491, 1, 44, 'C7', 0),
(1492, 1, 44, 'C8', 0),
(1493, 1, 44, 'C9', 0),
(1494, 1, 44, 'C10', 0),
(1495, 1, 44, 'D1', 0),
(1496, 1, 44, 'D2', 0),
(1497, 1, 44, 'D3', 0),
(1498, 1, 44, 'D4', 0),
(1499, 1, 44, 'D5', 0),
(1500, 1, 44, 'D6', 0),
(1501, 1, 44, 'D7', 0),
(1502, 1, 44, 'D8', 0),
(1503, 1, 44, 'D9', 0),
(1504, 1, 44, 'D10', 0),
(1505, 1, 44, 'E1', 0),
(1506, 1, 44, 'E2', 0),
(1507, 1, 44, 'E3', 0),
(1508, 1, 44, 'E4', 0),
(1509, 1, 44, 'E5', 0),
(1510, 1, 44, 'E6', 0),
(1511, 1, 44, 'E7', 0),
(1512, 1, 44, 'E8', 0),
(1513, 1, 44, 'E9', 0),
(1514, 1, 44, 'E10', 0),
(1515, 1, 44, 'F1', 0),
(1516, 1, 44, 'F2', 0),
(1517, 1, 44, 'F3', 0),
(1518, 1, 44, 'F4', 0),
(1519, 1, 44, 'F5', 0),
(1520, 1, 44, 'F6', 0),
(1521, 1, 44, 'F7', 0),
(1522, 1, 44, 'F8', 0),
(1523, 1, 44, 'F9', 0),
(1524, 1, 44, 'F10', 0),
(1525, 1, 45, 'A1', 0),
(1526, 1, 45, 'A2', 0),
(1527, 1, 45, 'A3', 0),
(1528, 1, 45, 'A4', 0),
(1529, 1, 45, 'A5', 0),
(1530, 1, 45, 'A6', 0),
(1531, 1, 45, 'A7', 0),
(1532, 1, 45, 'A8', 0),
(1533, 1, 45, 'A9', 0),
(1534, 1, 45, 'A10', 0),
(1535, 1, 45, 'B1', 0),
(1536, 1, 45, 'B2', 0),
(1537, 1, 45, 'B3', 0),
(1538, 1, 45, 'B4', 0),
(1539, 1, 45, 'B5', 0),
(1540, 1, 45, 'B6', 0),
(1541, 1, 45, 'B7', 0),
(1542, 1, 45, 'B8', 0),
(1543, 1, 45, 'B9', 0),
(1544, 1, 45, 'B10', 0),
(1545, 1, 45, 'C1', 0),
(1546, 1, 45, 'C2', 0),
(1547, 1, 45, 'C3', 0),
(1548, 1, 45, 'C4', 0),
(1549, 1, 45, 'C5', 0),
(1550, 1, 45, 'C6', 0),
(1551, 1, 45, 'C7', 0),
(1552, 1, 45, 'C8', 0),
(1553, 1, 45, 'C9', 0),
(1554, 1, 45, 'C10', 0),
(1555, 1, 45, 'D1', 0),
(1556, 1, 45, 'D2', 0),
(1557, 1, 45, 'D3', 0),
(1558, 1, 45, 'D4', 0),
(1559, 1, 45, 'D5', 0),
(1560, 1, 45, 'D6', 0),
(1561, 1, 45, 'D7', 0),
(1562, 1, 45, 'D8', 0),
(1563, 1, 45, 'D9', 0),
(1564, 1, 45, 'D10', 0),
(1565, 1, 45, 'E1', 0),
(1566, 1, 45, 'E2', 0),
(1567, 1, 45, 'E3', 0),
(1568, 1, 45, 'E4', 0),
(1569, 1, 45, 'E5', 0),
(1570, 1, 45, 'E6', 0),
(1571, 1, 45, 'E7', 0),
(1572, 1, 45, 'E8', 0),
(1573, 1, 45, 'E9', 0),
(1574, 1, 45, 'E10', 0),
(1575, 1, 45, 'F1', 0),
(1576, 1, 45, 'F2', 0),
(1577, 1, 45, 'F3', 0),
(1578, 1, 45, 'F4', 0),
(1579, 1, 45, 'F5', 0),
(1580, 1, 45, 'F6', 0),
(1581, 1, 45, 'F7', 0),
(1582, 1, 45, 'F8', 0),
(1583, 1, 45, 'F9', 0),
(1584, 1, 45, 'F10', 0),
(1585, 1, 46, 'A1', 0),
(1586, 1, 46, 'A2', 0),
(1587, 1, 46, 'A3', 0),
(1588, 1, 46, 'A4', 0),
(1589, 1, 46, 'A5', 0),
(1590, 1, 46, 'A6', 0),
(1591, 1, 46, 'A7', 0),
(1592, 1, 46, 'A8', 0),
(1593, 1, 46, 'A9', 0),
(1594, 1, 46, 'A10', 0),
(1595, 1, 46, 'B1', 0),
(1596, 1, 46, 'B2', 0),
(1597, 1, 46, 'B3', 0),
(1598, 1, 46, 'B4', 0),
(1599, 1, 46, 'B5', 0),
(1600, 1, 46, 'B6', 0),
(1601, 1, 46, 'B7', 0),
(1602, 1, 46, 'B8', 0),
(1603, 1, 46, 'B9', 0),
(1604, 1, 46, 'B10', 0),
(1605, 1, 46, 'C1', 0),
(1606, 1, 46, 'C2', 0),
(1607, 1, 46, 'C3', 0),
(1608, 1, 46, 'C4', 0),
(1609, 1, 46, 'C5', 0),
(1610, 1, 46, 'C6', 0),
(1611, 1, 46, 'C7', 0),
(1612, 1, 46, 'C8', 0),
(1613, 1, 46, 'C9', 0),
(1614, 1, 46, 'C10', 0),
(1615, 1, 46, 'D1', 0),
(1616, 1, 46, 'D2', 0),
(1617, 1, 46, 'D3', 0),
(1618, 1, 46, 'D4', 0),
(1619, 1, 46, 'D5', 0),
(1620, 1, 46, 'D6', 0),
(1621, 1, 46, 'D7', 0),
(1622, 1, 46, 'D8', 0),
(1623, 1, 46, 'D9', 0),
(1624, 1, 46, 'D10', 0),
(1625, 1, 46, 'E1', 0),
(1626, 1, 46, 'E2', 0),
(1627, 1, 46, 'E3', 0),
(1628, 1, 46, 'E4', 0),
(1629, 1, 46, 'E5', 0),
(1630, 1, 46, 'E6', 0),
(1631, 1, 46, 'E7', 0),
(1632, 1, 46, 'E8', 0),
(1633, 1, 46, 'E9', 0),
(1634, 1, 46, 'E10', 0),
(1635, 1, 46, 'F1', 0),
(1636, 1, 46, 'F2', 0),
(1637, 1, 46, 'F3', 0),
(1638, 1, 46, 'F4', 0),
(1639, 1, 46, 'F5', 0),
(1640, 1, 46, 'F6', 0),
(1641, 1, 46, 'F7', 0),
(1642, 1, 46, 'F8', 0),
(1643, 1, 46, 'F9', 0),
(1644, 1, 46, 'F10', 0),
(1645, 3, 47, 'A1', 0),
(1646, 3, 47, 'A2', 0),
(1647, 3, 47, 'A3', 0),
(1648, 3, 47, 'A4', 0),
(1649, 3, 47, 'A5', 0),
(1650, 3, 47, 'A6', 0),
(1651, 3, 47, 'A7', 0),
(1652, 3, 47, 'A8', 0),
(1653, 3, 47, 'A9', 0),
(1654, 3, 47, 'A10', 0),
(1655, 3, 47, 'B1', 0),
(1656, 3, 47, 'B2', 0),
(1657, 3, 47, 'B3', 0),
(1658, 3, 47, 'B4', 0),
(1659, 3, 47, 'B5', 0),
(1660, 3, 47, 'B6', 0),
(1661, 3, 47, 'B7', 0),
(1662, 3, 47, 'B8', 0),
(1663, 3, 47, 'B9', 0),
(1664, 3, 47, 'B10', 0),
(1665, 3, 47, 'C1', 0),
(1666, 3, 47, 'C2', 0),
(1667, 3, 47, 'C3', 0),
(1668, 3, 47, 'C4', 0),
(1669, 3, 47, 'C5', 0),
(1670, 3, 47, 'C6', 0),
(1671, 3, 47, 'C7', 0),
(1672, 3, 47, 'C8', 0),
(1673, 3, 47, 'C9', 0),
(1674, 3, 47, 'C10', 0),
(1675, 3, 47, 'D1', 0),
(1676, 3, 47, 'D2', 0),
(1677, 3, 47, 'D3', 0),
(1678, 3, 47, 'D4', 0),
(1679, 3, 47, 'D5', 0),
(1680, 3, 47, 'D6', 0),
(1681, 3, 47, 'D7', 0),
(1682, 3, 47, 'D8', 0),
(1683, 3, 47, 'D9', 0),
(1684, 3, 47, 'D10', 0),
(1685, 3, 47, 'E1', 0),
(1686, 3, 47, 'E2', 0),
(1687, 3, 47, 'E3', 0),
(1688, 3, 47, 'E4', 0),
(1689, 3, 47, 'E5', 0),
(1690, 3, 47, 'E6', 0),
(1691, 3, 47, 'E7', 0),
(1692, 3, 47, 'E8', 0),
(1693, 3, 47, 'E9', 0),
(1694, 3, 47, 'E10', 0),
(1695, 3, 47, 'F1', 0),
(1696, 3, 47, 'F2', 0),
(1697, 3, 47, 'F3', 0),
(1698, 3, 47, 'F4', 0),
(1699, 3, 47, 'F5', 0),
(1700, 3, 47, 'F6', 0),
(1701, 3, 47, 'F7', 0),
(1702, 3, 47, 'F8', 0),
(1703, 3, 47, 'F9', 0),
(1704, 3, 47, 'F10', 0),
(1705, 2, 48, 'A1', 0),
(1706, 2, 48, 'A2', 0),
(1707, 2, 48, 'A3', 0),
(1708, 2, 48, 'A4', 0),
(1709, 2, 48, 'A5', 0),
(1710, 2, 48, 'A6', 0),
(1711, 2, 48, 'A7', 0),
(1712, 2, 48, 'A8', 1),
(1713, 2, 48, 'A9', 0),
(1714, 2, 48, 'A10', 0),
(1715, 2, 48, 'B1', 0),
(1716, 2, 48, 'B2', 0),
(1717, 2, 48, 'B3', 0),
(1718, 2, 48, 'B4', 0),
(1719, 2, 48, 'B5', 0),
(1720, 2, 48, 'B6', 0),
(1721, 2, 48, 'B7', 0),
(1722, 2, 48, 'B8', 0),
(1723, 2, 48, 'B9', 1),
(1724, 2, 48, 'B10', 0),
(1725, 2, 48, 'C1', 0),
(1726, 2, 48, 'C2', 0),
(1727, 2, 48, 'C3', 0),
(1728, 2, 48, 'C4', 0),
(1729, 2, 48, 'C5', 0),
(1730, 2, 48, 'C6', 0),
(1731, 2, 48, 'C7', 0),
(1732, 2, 48, 'C8', 0),
(1733, 2, 48, 'C9', 0),
(1734, 2, 48, 'C10', 0),
(1735, 2, 48, 'D1', 0),
(1736, 2, 48, 'D2', 0),
(1737, 2, 48, 'D3', 0),
(1738, 2, 48, 'D4', 0),
(1739, 2, 48, 'D5', 0),
(1740, 2, 48, 'D6', 0),
(1741, 2, 48, 'D7', 0),
(1742, 2, 48, 'D8', 0),
(1743, 2, 48, 'D9', 0),
(1744, 2, 48, 'D10', 0),
(1745, 2, 48, 'E1', 0),
(1746, 2, 48, 'E2', 0),
(1747, 2, 48, 'E3', 0),
(1748, 2, 48, 'E4', 0),
(1749, 2, 48, 'E5', 0),
(1750, 2, 48, 'E6', 0),
(1751, 2, 48, 'E7', 0),
(1752, 2, 48, 'E8', 0),
(1753, 2, 48, 'E9', 0),
(1754, 2, 48, 'E10', 0),
(1755, 2, 48, 'F1', 0),
(1756, 2, 48, 'F2', 0),
(1757, 2, 48, 'F3', 0),
(1758, 2, 48, 'F4', 0),
(1759, 2, 48, 'F5', 0),
(1760, 2, 48, 'F6', 0),
(1761, 2, 48, 'F7', 0),
(1762, 2, 48, 'F8', 0),
(1763, 2, 48, 'F9', 0),
(1764, 2, 48, 'F10', 0),
(1945, 1, 52, 'A1', 0),
(1946, 1, 52, 'A2', 0),
(1947, 1, 52, 'A3', 0),
(1948, 1, 52, 'A4', 0),
(1949, 1, 52, 'A5', 0),
(1950, 1, 52, 'A6', 0),
(1951, 1, 52, 'A7', 0),
(1952, 1, 52, 'A8', 0),
(1953, 1, 52, 'A9', 0),
(1954, 1, 52, 'A10', 0),
(1955, 1, 52, 'B1', 0),
(1956, 1, 52, 'B2', 0),
(1957, 1, 52, 'B3', 0),
(1958, 1, 52, 'B4', 0),
(1959, 1, 52, 'B5', 0),
(1960, 1, 52, 'B6', 0),
(1961, 1, 52, 'B7', 0),
(1962, 1, 52, 'B8', 0),
(1963, 1, 52, 'B9', 0),
(1964, 1, 52, 'B10', 0),
(1965, 1, 52, 'C1', 0),
(1966, 1, 52, 'C2', 0),
(1967, 1, 52, 'C3', 0),
(1968, 1, 52, 'C4', 0),
(1969, 1, 52, 'C5', 0),
(1970, 1, 52, 'C6', 0),
(1971, 1, 52, 'C7', 0),
(1972, 1, 52, 'C8', 0),
(1973, 1, 52, 'C9', 0),
(1974, 1, 52, 'C10', 0),
(1975, 1, 52, 'D1', 0),
(1976, 1, 52, 'D2', 0),
(1977, 1, 52, 'D3', 0),
(1978, 1, 52, 'D4', 0),
(1979, 1, 52, 'D5', 0),
(1980, 1, 52, 'D6', 0),
(1981, 1, 52, 'D7', 0),
(1982, 1, 52, 'D8', 0),
(1983, 1, 52, 'D9', 0),
(1984, 1, 52, 'D10', 0),
(1985, 1, 52, 'E1', 0),
(1986, 1, 52, 'E2', 0),
(1987, 1, 52, 'E3', 0),
(1988, 1, 52, 'E4', 0),
(1989, 1, 52, 'E5', 0),
(1990, 1, 52, 'E6', 0),
(1991, 1, 52, 'E7', 0),
(1992, 1, 52, 'E8', 0),
(1993, 1, 52, 'E9', 0),
(1994, 1, 52, 'E10', 0),
(1995, 1, 52, 'F1', 0),
(1996, 1, 52, 'F2', 0),
(1997, 1, 52, 'F3', 0),
(1998, 1, 52, 'F4', 0),
(1999, 1, 52, 'F5', 0),
(2000, 1, 52, 'F6', 0),
(2001, 1, 52, 'F7', 0),
(2002, 1, 52, 'F8', 0),
(2003, 1, 52, 'F9', 0),
(2004, 1, 52, 'F10', 0),
(2005, 1, 53, 'A1', 0),
(2006, 1, 53, 'A2', 0),
(2007, 1, 53, 'A3', 0),
(2008, 1, 53, 'A4', 0),
(2009, 1, 53, 'A5', 0),
(2010, 1, 53, 'A6', 0),
(2011, 1, 53, 'A7', 0),
(2012, 1, 53, 'A8', 0),
(2013, 1, 53, 'A9', 0),
(2014, 1, 53, 'A10', 0),
(2015, 1, 53, 'B1', 0),
(2016, 1, 53, 'B2', 0),
(2017, 1, 53, 'B3', 0),
(2018, 1, 53, 'B4', 0),
(2019, 1, 53, 'B5', 0),
(2020, 1, 53, 'B6', 0),
(2021, 1, 53, 'B7', 0),
(2022, 1, 53, 'B8', 0),
(2023, 1, 53, 'B9', 0),
(2024, 1, 53, 'B10', 0),
(2025, 1, 53, 'C1', 0),
(2026, 1, 53, 'C2', 0),
(2027, 1, 53, 'C3', 0),
(2028, 1, 53, 'C4', 0),
(2029, 1, 53, 'C5', 0),
(2030, 1, 53, 'C6', 0),
(2031, 1, 53, 'C7', 0),
(2032, 1, 53, 'C8', 0),
(2033, 1, 53, 'C9', 0),
(2034, 1, 53, 'C10', 0),
(2035, 1, 53, 'D1', 0),
(2036, 1, 53, 'D2', 0),
(2037, 1, 53, 'D3', 0),
(2038, 1, 53, 'D4', 0),
(2039, 1, 53, 'D5', 0),
(2040, 1, 53, 'D6', 0),
(2041, 1, 53, 'D7', 0),
(2042, 1, 53, 'D8', 0),
(2043, 1, 53, 'D9', 0),
(2044, 1, 53, 'D10', 0),
(2045, 1, 53, 'E1', 0),
(2046, 1, 53, 'E2', 0),
(2047, 1, 53, 'E3', 0),
(2048, 1, 53, 'E4', 0),
(2049, 1, 53, 'E5', 0),
(2050, 1, 53, 'E6', 0),
(2051, 1, 53, 'E7', 0),
(2052, 1, 53, 'E8', 0),
(2053, 1, 53, 'E9', 0),
(2054, 1, 53, 'E10', 0),
(2055, 1, 53, 'F1', 0),
(2056, 1, 53, 'F2', 0),
(2057, 1, 53, 'F3', 0),
(2058, 1, 53, 'F4', 0),
(2059, 1, 53, 'F5', 0),
(2060, 1, 53, 'F6', 0),
(2061, 1, 53, 'F7', 0),
(2062, 1, 53, 'F8', 0),
(2063, 1, 53, 'F9', 0),
(2064, 1, 53, 'F10', 0),
(2065, 1, 54, 'A1', 0),
(2066, 1, 54, 'A2', 0),
(2067, 1, 54, 'A3', 0),
(2068, 1, 54, 'A4', 0),
(2069, 1, 54, 'A5', 0),
(2070, 1, 54, 'A6', 0),
(2071, 1, 54, 'A7', 0),
(2072, 1, 54, 'A8', 0),
(2073, 1, 54, 'A9', 0),
(2074, 1, 54, 'A10', 0),
(2075, 1, 54, 'B1', 0),
(2076, 1, 54, 'B2', 0),
(2077, 1, 54, 'B3', 0),
(2078, 1, 54, 'B4', 0),
(2079, 1, 54, 'B5', 0),
(2080, 1, 54, 'B6', 0),
(2081, 1, 54, 'B7', 0),
(2082, 1, 54, 'B8', 0),
(2083, 1, 54, 'B9', 0),
(2084, 1, 54, 'B10', 0),
(2085, 1, 54, 'C1', 0),
(2086, 1, 54, 'C2', 0),
(2087, 1, 54, 'C3', 0),
(2088, 1, 54, 'C4', 0),
(2089, 1, 54, 'C5', 0),
(2090, 1, 54, 'C6', 0),
(2091, 1, 54, 'C7', 0),
(2092, 1, 54, 'C8', 0),
(2093, 1, 54, 'C9', 0),
(2094, 1, 54, 'C10', 0),
(2095, 1, 54, 'D1', 0),
(2096, 1, 54, 'D2', 0),
(2097, 1, 54, 'D3', 0),
(2098, 1, 54, 'D4', 0),
(2099, 1, 54, 'D5', 0),
(2100, 1, 54, 'D6', 0),
(2101, 1, 54, 'D7', 0),
(2102, 1, 54, 'D8', 0),
(2103, 1, 54, 'D9', 0),
(2104, 1, 54, 'D10', 0),
(2105, 1, 54, 'E1', 0),
(2106, 1, 54, 'E2', 0),
(2107, 1, 54, 'E3', 0),
(2108, 1, 54, 'E4', 0),
(2109, 1, 54, 'E5', 0),
(2110, 1, 54, 'E6', 0),
(2111, 1, 54, 'E7', 0),
(2112, 1, 54, 'E8', 0),
(2113, 1, 54, 'E9', 0),
(2114, 1, 54, 'E10', 0),
(2115, 1, 54, 'F1', 0),
(2116, 1, 54, 'F2', 0),
(2117, 1, 54, 'F3', 0),
(2118, 1, 54, 'F4', 0),
(2119, 1, 54, 'F5', 0),
(2120, 1, 54, 'F6', 0),
(2121, 1, 54, 'F7', 0),
(2122, 1, 54, 'F8', 0),
(2123, 1, 54, 'F9', 0),
(2124, 1, 54, 'F10', 0),
(2125, 2, 55, 'A1', 0),
(2126, 2, 55, 'A2', 0),
(2127, 2, 55, 'A3', 0),
(2128, 2, 55, 'A4', 0),
(2129, 2, 55, 'A5', 0),
(2130, 2, 55, 'A6', 0),
(2131, 2, 55, 'A7', 0),
(2132, 2, 55, 'A8', 0),
(2133, 2, 55, 'A9', 0),
(2134, 2, 55, 'A10', 0),
(2135, 2, 55, 'B1', 0),
(2136, 2, 55, 'B2', 0),
(2137, 2, 55, 'B3', 0),
(2138, 2, 55, 'B4', 0),
(2139, 2, 55, 'B5', 0),
(2140, 2, 55, 'B6', 0),
(2141, 2, 55, 'B7', 0),
(2142, 2, 55, 'B8', 0),
(2143, 2, 55, 'B9', 0),
(2144, 2, 55, 'B10', 0),
(2145, 2, 55, 'C1', 0),
(2146, 2, 55, 'C2', 0),
(2147, 2, 55, 'C3', 0),
(2148, 2, 55, 'C4', 0),
(2149, 2, 55, 'C5', 0),
(2150, 2, 55, 'C6', 0),
(2151, 2, 55, 'C7', 0),
(2152, 2, 55, 'C8', 0),
(2153, 2, 55, 'C9', 0),
(2154, 2, 55, 'C10', 0),
(2155, 2, 55, 'D1', 0),
(2156, 2, 55, 'D2', 0),
(2157, 2, 55, 'D3', 0),
(2158, 2, 55, 'D4', 0),
(2159, 2, 55, 'D5', 0),
(2160, 2, 55, 'D6', 0),
(2161, 2, 55, 'D7', 0),
(2162, 2, 55, 'D8', 0),
(2163, 2, 55, 'D9', 0),
(2164, 2, 55, 'D10', 0),
(2165, 2, 55, 'E1', 0),
(2166, 2, 55, 'E2', 0),
(2167, 2, 55, 'E3', 0),
(2168, 2, 55, 'E4', 0),
(2169, 2, 55, 'E5', 0),
(2170, 2, 55, 'E6', 0),
(2171, 2, 55, 'E7', 0),
(2172, 2, 55, 'E8', 0),
(2173, 2, 55, 'E9', 0),
(2174, 2, 55, 'E10', 0),
(2175, 2, 55, 'F1', 0),
(2176, 2, 55, 'F2', 0),
(2177, 2, 55, 'F3', 0),
(2178, 2, 55, 'F4', 0),
(2179, 2, 55, 'F5', 0),
(2180, 2, 55, 'F6', 0),
(2181, 2, 55, 'F7', 0),
(2182, 2, 55, 'F8', 0),
(2183, 2, 55, 'F9', 0),
(2184, 2, 55, 'F10', 0),
(2185, 1, 56, 'A1', 0),
(2186, 1, 56, 'A2', 0),
(2187, 1, 56, 'A3', 0),
(2188, 1, 56, 'A4', 0),
(2189, 1, 56, 'A5', 0),
(2190, 1, 56, 'A6', 0),
(2191, 1, 56, 'A7', 0),
(2192, 1, 56, 'A8', 0),
(2193, 1, 56, 'A9', 0),
(2194, 1, 56, 'A10', 0),
(2195, 1, 56, 'B1', 0),
(2196, 1, 56, 'B2', 0),
(2197, 1, 56, 'B3', 0),
(2198, 1, 56, 'B4', 0),
(2199, 1, 56, 'B5', 0),
(2200, 1, 56, 'B6', 0),
(2201, 1, 56, 'B7', 0),
(2202, 1, 56, 'B8', 0),
(2203, 1, 56, 'B9', 0),
(2204, 1, 56, 'B10', 0),
(2205, 1, 56, 'C1', 0),
(2206, 1, 56, 'C2', 0),
(2207, 1, 56, 'C3', 0),
(2208, 1, 56, 'C4', 0),
(2209, 1, 56, 'C5', 0),
(2210, 1, 56, 'C6', 0),
(2211, 1, 56, 'C7', 0),
(2212, 1, 56, 'C8', 0),
(2213, 1, 56, 'C9', 0),
(2214, 1, 56, 'C10', 0),
(2215, 1, 56, 'D1', 0),
(2216, 1, 56, 'D2', 0),
(2217, 1, 56, 'D3', 0),
(2218, 1, 56, 'D4', 0),
(2219, 1, 56, 'D5', 0),
(2220, 1, 56, 'D6', 0),
(2221, 1, 56, 'D7', 0),
(2222, 1, 56, 'D8', 0),
(2223, 1, 56, 'D9', 0),
(2224, 1, 56, 'D10', 0),
(2225, 1, 56, 'E1', 0),
(2226, 1, 56, 'E2', 0),
(2227, 1, 56, 'E3', 0),
(2228, 1, 56, 'E4', 0),
(2229, 1, 56, 'E5', 0),
(2230, 1, 56, 'E6', 0),
(2231, 1, 56, 'E7', 0),
(2232, 1, 56, 'E8', 0),
(2233, 1, 56, 'E9', 0),
(2234, 1, 56, 'E10', 0),
(2235, 1, 56, 'F1', 0),
(2236, 1, 56, 'F2', 0),
(2237, 1, 56, 'F3', 0),
(2238, 1, 56, 'F4', 0),
(2239, 1, 56, 'F5', 0),
(2240, 1, 56, 'F6', 0),
(2241, 1, 56, 'F7', 0),
(2242, 1, 56, 'F8', 0),
(2243, 1, 56, 'F9', 0),
(2244, 1, 56, 'F10', 0),
(2245, 3, 57, 'A1', 0),
(2246, 3, 57, 'A2', 0),
(2247, 3, 57, 'A3', 0),
(2248, 3, 57, 'A4', 0),
(2249, 3, 57, 'A5', 0),
(2250, 3, 57, 'A6', 0),
(2251, 3, 57, 'A7', 0),
(2252, 3, 57, 'A8', 0),
(2253, 3, 57, 'A9', 0),
(2254, 3, 57, 'A10', 0),
(2255, 3, 57, 'B1', 0),
(2256, 3, 57, 'B2', 0),
(2257, 3, 57, 'B3', 0),
(2258, 3, 57, 'B4', 0),
(2259, 3, 57, 'B5', 0),
(2260, 3, 57, 'B6', 0),
(2261, 3, 57, 'B7', 0),
(2262, 3, 57, 'B8', 0),
(2263, 3, 57, 'B9', 0),
(2264, 3, 57, 'B10', 0),
(2265, 3, 57, 'C1', 0),
(2266, 3, 57, 'C2', 0),
(2267, 3, 57, 'C3', 0),
(2268, 3, 57, 'C4', 0),
(2269, 3, 57, 'C5', 0),
(2270, 3, 57, 'C6', 0),
(2271, 3, 57, 'C7', 0),
(2272, 3, 57, 'C8', 0),
(2273, 3, 57, 'C9', 0),
(2274, 3, 57, 'C10', 0),
(2275, 3, 57, 'D1', 0),
(2276, 3, 57, 'D2', 0),
(2277, 3, 57, 'D3', 0),
(2278, 3, 57, 'D4', 0),
(2279, 3, 57, 'D5', 0),
(2280, 3, 57, 'D6', 0),
(2281, 3, 57, 'D7', 0),
(2282, 3, 57, 'D8', 0),
(2283, 3, 57, 'D9', 0),
(2284, 3, 57, 'D10', 0),
(2285, 3, 57, 'E1', 0),
(2286, 3, 57, 'E2', 0),
(2287, 3, 57, 'E3', 0),
(2288, 3, 57, 'E4', 0),
(2289, 3, 57, 'E5', 0),
(2290, 3, 57, 'E6', 0),
(2291, 3, 57, 'E7', 0),
(2292, 3, 57, 'E8', 0),
(2293, 3, 57, 'E9', 0),
(2294, 3, 57, 'E10', 0),
(2295, 3, 57, 'F1', 0),
(2296, 3, 57, 'F2', 0),
(2297, 3, 57, 'F3', 0),
(2298, 3, 57, 'F4', 0),
(2299, 3, 57, 'F5', 0),
(2300, 3, 57, 'F6', 0),
(2301, 3, 57, 'F7', 0),
(2302, 3, 57, 'F8', 0),
(2303, 3, 57, 'F9', 0),
(2304, 3, 57, 'F10', 0),
(2305, 2, 58, 'A1', 0),
(2306, 2, 58, 'A2', 0),
(2307, 2, 58, 'A3', 0),
(2308, 2, 58, 'A4', 0),
(2309, 2, 58, 'A5', 0),
(2310, 2, 58, 'A6', 0),
(2311, 2, 58, 'A7', 0),
(2312, 2, 58, 'A8', 0),
(2313, 2, 58, 'A9', 0),
(2314, 2, 58, 'A10', 0),
(2315, 2, 58, 'B1', 0),
(2316, 2, 58, 'B2', 0),
(2317, 2, 58, 'B3', 0),
(2318, 2, 58, 'B4', 0),
(2319, 2, 58, 'B5', 0),
(2320, 2, 58, 'B6', 0),
(2321, 2, 58, 'B7', 0),
(2322, 2, 58, 'B8', 0),
(2323, 2, 58, 'B9', 0),
(2324, 2, 58, 'B10', 0),
(2325, 2, 58, 'C1', 0),
(2326, 2, 58, 'C2', 0),
(2327, 2, 58, 'C3', 0),
(2328, 2, 58, 'C4', 0),
(2329, 2, 58, 'C5', 0),
(2330, 2, 58, 'C6', 0),
(2331, 2, 58, 'C7', 0),
(2332, 2, 58, 'C8', 0),
(2333, 2, 58, 'C9', 0),
(2334, 2, 58, 'C10', 0),
(2335, 2, 58, 'D1', 0),
(2336, 2, 58, 'D2', 0),
(2337, 2, 58, 'D3', 0),
(2338, 2, 58, 'D4', 0),
(2339, 2, 58, 'D5', 0),
(2340, 2, 58, 'D6', 0),
(2341, 2, 58, 'D7', 0),
(2342, 2, 58, 'D8', 0),
(2343, 2, 58, 'D9', 0),
(2344, 2, 58, 'D10', 0),
(2345, 2, 58, 'E1', 0),
(2346, 2, 58, 'E2', 0),
(2347, 2, 58, 'E3', 0),
(2348, 2, 58, 'E4', 0),
(2349, 2, 58, 'E5', 0),
(2350, 2, 58, 'E6', 0),
(2351, 2, 58, 'E7', 0),
(2352, 2, 58, 'E8', 0),
(2353, 2, 58, 'E9', 0),
(2354, 2, 58, 'E10', 0),
(2355, 2, 58, 'F1', 0),
(2356, 2, 58, 'F2', 0),
(2357, 2, 58, 'F3', 0),
(2358, 2, 58, 'F4', 0),
(2359, 2, 58, 'F5', 0),
(2360, 2, 58, 'F6', 0),
(2361, 2, 58, 'F7', 0),
(2362, 2, 58, 'F8', 0),
(2363, 2, 58, 'F9', 0),
(2364, 2, 58, 'F10', 0),
(2365, 3, 59, 'A1', 0),
(2366, 3, 59, 'A2', 0),
(2367, 3, 59, 'A3', 0),
(2368, 3, 59, 'A4', 0),
(2369, 3, 59, 'A5', 0),
(2370, 3, 59, 'A6', 0),
(2371, 3, 59, 'A7', 0),
(2372, 3, 59, 'A8', 0),
(2373, 3, 59, 'A9', 0),
(2374, 3, 59, 'A10', 0),
(2375, 3, 59, 'B1', 0),
(2376, 3, 59, 'B2', 0),
(2377, 3, 59, 'B3', 0),
(2378, 3, 59, 'B4', 0),
(2379, 3, 59, 'B5', 0),
(2380, 3, 59, 'B6', 0),
(2381, 3, 59, 'B7', 0),
(2382, 3, 59, 'B8', 0),
(2383, 3, 59, 'B9', 0),
(2384, 3, 59, 'B10', 0),
(2385, 3, 59, 'C1', 0),
(2386, 3, 59, 'C2', 0),
(2387, 3, 59, 'C3', 0),
(2388, 3, 59, 'C4', 0),
(2389, 3, 59, 'C5', 0),
(2390, 3, 59, 'C6', 0),
(2391, 3, 59, 'C7', 0),
(2392, 3, 59, 'C8', 0),
(2393, 3, 59, 'C9', 0),
(2394, 3, 59, 'C10', 0),
(2395, 3, 59, 'D1', 0),
(2396, 3, 59, 'D2', 0),
(2397, 3, 59, 'D3', 0),
(2398, 3, 59, 'D4', 0),
(2399, 3, 59, 'D5', 0),
(2400, 3, 59, 'D6', 0),
(2401, 3, 59, 'D7', 0),
(2402, 3, 59, 'D8', 0),
(2403, 3, 59, 'D9', 0),
(2404, 3, 59, 'D10', 0),
(2405, 3, 59, 'E1', 0),
(2406, 3, 59, 'E2', 0),
(2407, 3, 59, 'E3', 0),
(2408, 3, 59, 'E4', 0),
(2409, 3, 59, 'E5', 0),
(2410, 3, 59, 'E6', 0),
(2411, 3, 59, 'E7', 0),
(2412, 3, 59, 'E8', 0),
(2413, 3, 59, 'E9', 0),
(2414, 3, 59, 'E10', 0),
(2415, 3, 59, 'F1', 0),
(2416, 3, 59, 'F2', 0),
(2417, 3, 59, 'F3', 0),
(2418, 3, 59, 'F4', 0),
(2419, 3, 59, 'F5', 0),
(2420, 3, 59, 'F6', 0),
(2421, 3, 59, 'F7', 0),
(2422, 3, 59, 'F8', 0),
(2423, 3, 59, 'F9', 0),
(2424, 3, 59, 'F10', 0),
(2425, 1, 60, 'A1', 0),
(2426, 1, 60, 'A2', 0),
(2427, 1, 60, 'A3', 0),
(2428, 1, 60, 'A4', 0),
(2429, 1, 60, 'A5', 0),
(2430, 1, 60, 'A6', 0),
(2431, 1, 60, 'A7', 0),
(2432, 1, 60, 'A8', 0),
(2433, 1, 60, 'A9', 0),
(2434, 1, 60, 'A10', 0),
(2435, 1, 60, 'B1', 0),
(2436, 1, 60, 'B2', 0),
(2437, 1, 60, 'B3', 0),
(2438, 1, 60, 'B4', 0),
(2439, 1, 60, 'B5', 0),
(2440, 1, 60, 'B6', 0),
(2441, 1, 60, 'B7', 0),
(2442, 1, 60, 'B8', 0),
(2443, 1, 60, 'B9', 0),
(2444, 1, 60, 'B10', 0),
(2445, 1, 60, 'C1', 0),
(2446, 1, 60, 'C2', 0),
(2447, 1, 60, 'C3', 0),
(2448, 1, 60, 'C4', 0),
(2449, 1, 60, 'C5', 0),
(2450, 1, 60, 'C6', 0),
(2451, 1, 60, 'C7', 0),
(2452, 1, 60, 'C8', 0),
(2453, 1, 60, 'C9', 0),
(2454, 1, 60, 'C10', 0),
(2455, 1, 60, 'D1', 0),
(2456, 1, 60, 'D2', 0),
(2457, 1, 60, 'D3', 0),
(2458, 1, 60, 'D4', 0),
(2459, 1, 60, 'D5', 0),
(2460, 1, 60, 'D6', 0),
(2461, 1, 60, 'D7', 0),
(2462, 1, 60, 'D8', 0),
(2463, 1, 60, 'D9', 0),
(2464, 1, 60, 'D10', 0),
(2465, 1, 60, 'E1', 0),
(2466, 1, 60, 'E2', 0),
(2467, 1, 60, 'E3', 0),
(2468, 1, 60, 'E4', 0),
(2469, 1, 60, 'E5', 0),
(2470, 1, 60, 'E6', 0),
(2471, 1, 60, 'E7', 0),
(2472, 1, 60, 'E8', 0),
(2473, 1, 60, 'E9', 0),
(2474, 1, 60, 'E10', 0),
(2475, 1, 60, 'F1', 0),
(2476, 1, 60, 'F2', 0),
(2477, 1, 60, 'F3', 0),
(2478, 1, 60, 'F4', 0),
(2479, 1, 60, 'F5', 0),
(2480, 1, 60, 'F6', 0),
(2481, 1, 60, 'F7', 0),
(2482, 1, 60, 'F8', 0),
(2483, 1, 60, 'F9', 0),
(2484, 1, 60, 'F10', 0),
(2485, 2, 61, 'A1', 0),
(2486, 2, 61, 'A2', 0),
(2487, 2, 61, 'A3', 0),
(2488, 2, 61, 'A4', 0),
(2489, 2, 61, 'A5', 0),
(2490, 2, 61, 'A6', 0),
(2491, 2, 61, 'A7', 1),
(2492, 2, 61, 'A8', 0),
(2493, 2, 61, 'A9', 0),
(2494, 2, 61, 'A10', 0),
(2495, 2, 61, 'B1', 0),
(2496, 2, 61, 'B2', 0),
(2497, 2, 61, 'B3', 0),
(2498, 2, 61, 'B4', 0),
(2499, 2, 61, 'B5', 0),
(2500, 2, 61, 'B6', 0),
(2501, 2, 61, 'B7', 0),
(2502, 2, 61, 'B8', 0),
(2503, 2, 61, 'B9', 0),
(2504, 2, 61, 'B10', 0),
(2505, 2, 61, 'C1', 0),
(2506, 2, 61, 'C2', 0),
(2507, 2, 61, 'C3', 0),
(2508, 2, 61, 'C4', 0),
(2509, 2, 61, 'C5', 0),
(2510, 2, 61, 'C6', 0),
(2511, 2, 61, 'C7', 0),
(2512, 2, 61, 'C8', 0),
(2513, 2, 61, 'C9', 0),
(2514, 2, 61, 'C10', 0),
(2515, 2, 61, 'D1', 0),
(2516, 2, 61, 'D2', 0),
(2517, 2, 61, 'D3', 0),
(2518, 2, 61, 'D4', 0),
(2519, 2, 61, 'D5', 0),
(2520, 2, 61, 'D6', 0),
(2521, 2, 61, 'D7', 0),
(2522, 2, 61, 'D8', 0),
(2523, 2, 61, 'D9', 0),
(2524, 2, 61, 'D10', 0),
(2525, 2, 61, 'E1', 0),
(2526, 2, 61, 'E2', 0),
(2527, 2, 61, 'E3', 0),
(2528, 2, 61, 'E4', 0),
(2529, 2, 61, 'E5', 0),
(2530, 2, 61, 'E6', 0),
(2531, 2, 61, 'E7', 0),
(2532, 2, 61, 'E8', 0),
(2533, 2, 61, 'E9', 0),
(2534, 2, 61, 'E10', 0),
(2535, 2, 61, 'F1', 0),
(2536, 2, 61, 'F2', 0),
(2537, 2, 61, 'F3', 0),
(2538, 2, 61, 'F4', 0),
(2539, 2, 61, 'F5', 0),
(2540, 2, 61, 'F6', 0),
(2541, 2, 61, 'F7', 0),
(2542, 2, 61, 'F8', 0),
(2543, 2, 61, 'F9', 0),
(2544, 2, 61, 'F10', 0),
(2545, 3, 62, 'A1', 0),
(2546, 3, 62, 'A2', 0),
(2547, 3, 62, 'A3', 0),
(2548, 3, 62, 'A4', 0),
(2549, 3, 62, 'A5', 0),
(2550, 3, 62, 'A6', 0),
(2551, 3, 62, 'A7', 0),
(2552, 3, 62, 'A8', 0),
(2553, 3, 62, 'A9', 0),
(2554, 3, 62, 'A10', 0),
(2555, 3, 62, 'B1', 0),
(2556, 3, 62, 'B2', 0),
(2557, 3, 62, 'B3', 0),
(2558, 3, 62, 'B4', 0),
(2559, 3, 62, 'B5', 0),
(2560, 3, 62, 'B6', 0),
(2561, 3, 62, 'B7', 0),
(2562, 3, 62, 'B8', 0),
(2563, 3, 62, 'B9', 0),
(2564, 3, 62, 'B10', 0),
(2565, 3, 62, 'C1', 0),
(2566, 3, 62, 'C2', 0),
(2567, 3, 62, 'C3', 0),
(2568, 3, 62, 'C4', 0),
(2569, 3, 62, 'C5', 0),
(2570, 3, 62, 'C6', 0),
(2571, 3, 62, 'C7', 0),
(2572, 3, 62, 'C8', 0),
(2573, 3, 62, 'C9', 0),
(2574, 3, 62, 'C10', 0),
(2575, 3, 62, 'D1', 0),
(2576, 3, 62, 'D2', 0),
(2577, 3, 62, 'D3', 0),
(2578, 3, 62, 'D4', 0),
(2579, 3, 62, 'D5', 0),
(2580, 3, 62, 'D6', 0),
(2581, 3, 62, 'D7', 0),
(2582, 3, 62, 'D8', 0),
(2583, 3, 62, 'D9', 0),
(2584, 3, 62, 'D10', 0),
(2585, 3, 62, 'E1', 0),
(2586, 3, 62, 'E2', 0),
(2587, 3, 62, 'E3', 0),
(2588, 3, 62, 'E4', 0),
(2589, 3, 62, 'E5', 0),
(2590, 3, 62, 'E6', 0),
(2591, 3, 62, 'E7', 0),
(2592, 3, 62, 'E8', 0),
(2593, 3, 62, 'E9', 0),
(2594, 3, 62, 'E10', 0),
(2595, 3, 62, 'F1', 0),
(2596, 3, 62, 'F2', 0),
(2597, 3, 62, 'F3', 0),
(2598, 3, 62, 'F4', 0),
(2599, 3, 62, 'F5', 0),
(2600, 3, 62, 'F6', 0),
(2601, 3, 62, 'F7', 0),
(2602, 3, 62, 'F8', 0),
(2603, 3, 62, 'F9', 0),
(2604, 3, 62, 'F10', 0),
(2725, 1, 65, 'A1', 0),
(2726, 1, 65, 'A2', 0),
(2727, 1, 65, 'A3', 0),
(2728, 1, 65, 'A4', 0),
(2729, 1, 65, 'A5', 0),
(2730, 1, 65, 'A6', 0),
(2731, 1, 65, 'A7', 0),
(2732, 1, 65, 'A8', 0),
(2733, 1, 65, 'A9', 0),
(2734, 1, 65, 'A10', 0),
(2735, 1, 65, 'B1', 0),
(2736, 1, 65, 'B2', 0),
(2737, 1, 65, 'B3', 0),
(2738, 1, 65, 'B4', 0),
(2739, 1, 65, 'B5', 0),
(2740, 1, 65, 'B6', 0),
(2741, 1, 65, 'B7', 0),
(2742, 1, 65, 'B8', 0),
(2743, 1, 65, 'B9', 0),
(2744, 1, 65, 'B10', 0),
(2745, 1, 65, 'C1', 0),
(2746, 1, 65, 'C2', 0),
(2747, 1, 65, 'C3', 0),
(2748, 1, 65, 'C4', 0),
(2749, 1, 65, 'C5', 1),
(2750, 1, 65, 'C6', 0),
(2751, 1, 65, 'C7', 0),
(2752, 1, 65, 'C8', 0),
(2753, 1, 65, 'C9', 0),
(2754, 1, 65, 'C10', 0),
(2755, 1, 65, 'D1', 0),
(2756, 1, 65, 'D2', 0),
(2757, 1, 65, 'D3', 0),
(2758, 1, 65, 'D4', 0),
(2759, 1, 65, 'D5', 0),
(2760, 1, 65, 'D6', 0),
(2761, 1, 65, 'D7', 0),
(2762, 1, 65, 'D8', 0),
(2763, 1, 65, 'D9', 0),
(2764, 1, 65, 'D10', 0),
(2765, 1, 65, 'E1', 0),
(2766, 1, 65, 'E2', 0),
(2767, 1, 65, 'E3', 0),
(2768, 1, 65, 'E4', 0),
(2769, 1, 65, 'E5', 0),
(2770, 1, 65, 'E6', 0),
(2771, 1, 65, 'E7', 0),
(2772, 1, 65, 'E8', 0),
(2773, 1, 65, 'E9', 0),
(2774, 1, 65, 'E10', 0),
(2775, 1, 65, 'F1', 0),
(2776, 1, 65, 'F2', 0),
(2777, 1, 65, 'F3', 0),
(2778, 1, 65, 'F4', 0),
(2779, 1, 65, 'F5', 0),
(2780, 1, 65, 'F6', 0),
(2781, 1, 65, 'F7', 0),
(2782, 1, 65, 'F8', 0),
(2783, 1, 65, 'F9', 0),
(2784, 1, 65, 'F10', 0),
(2785, 1, 66, 'A1', 0),
(2786, 1, 66, 'A2', 0),
(2787, 1, 66, 'A3', 0),
(2788, 1, 66, 'A4', 0),
(2789, 1, 66, 'A5', 0),
(2790, 1, 66, 'A6', 0),
(2791, 1, 66, 'A7', 0),
(2792, 1, 66, 'A8', 0),
(2793, 1, 66, 'A9', 0),
(2794, 1, 66, 'A10', 0),
(2795, 1, 66, 'B1', 0),
(2796, 1, 66, 'B2', 0),
(2797, 1, 66, 'B3', 0),
(2798, 1, 66, 'B4', 0),
(2799, 1, 66, 'B5', 0),
(2800, 1, 66, 'B6', 0),
(2801, 1, 66, 'B7', 0),
(2802, 1, 66, 'B8', 0),
(2803, 1, 66, 'B9', 0),
(2804, 1, 66, 'B10', 0),
(2805, 1, 66, 'C1', 0),
(2806, 1, 66, 'C2', 0),
(2807, 1, 66, 'C3', 0),
(2808, 1, 66, 'C4', 0),
(2809, 1, 66, 'C5', 0),
(2810, 1, 66, 'C6', 0),
(2811, 1, 66, 'C7', 0),
(2812, 1, 66, 'C8', 0),
(2813, 1, 66, 'C9', 0),
(2814, 1, 66, 'C10', 0),
(2815, 1, 66, 'D1', 0),
(2816, 1, 66, 'D2', 0),
(2817, 1, 66, 'D3', 0),
(2818, 1, 66, 'D4', 0),
(2819, 1, 66, 'D5', 0),
(2820, 1, 66, 'D6', 1),
(2821, 1, 66, 'D7', 0),
(2822, 1, 66, 'D8', 0),
(2823, 1, 66, 'D9', 0),
(2824, 1, 66, 'D10', 0),
(2825, 1, 66, 'E1', 0),
(2826, 1, 66, 'E2', 0),
(2827, 1, 66, 'E3', 0),
(2828, 1, 66, 'E4', 0),
(2829, 1, 66, 'E5', 0),
(2830, 1, 66, 'E6', 0),
(2831, 1, 66, 'E7', 0),
(2832, 1, 66, 'E8', 0),
(2833, 1, 66, 'E9', 0),
(2834, 1, 66, 'E10', 0),
(2835, 1, 66, 'F1', 0),
(2836, 1, 66, 'F2', 0),
(2837, 1, 66, 'F3', 0),
(2838, 1, 66, 'F4', 0),
(2839, 1, 66, 'F5', 0),
(2840, 1, 66, 'F6', 0),
(2841, 1, 66, 'F7', 0),
(2842, 1, 66, 'F8', 0),
(2843, 1, 66, 'F9', 0),
(2844, 1, 66, 'F10', 0),
(2845, 1, 67, 'A1', 0),
(2846, 1, 67, 'A2', 0),
(2847, 1, 67, 'A3', 0),
(2848, 1, 67, 'A4', 0),
(2849, 1, 67, 'A5', 0),
(2850, 1, 67, 'A6', 0),
(2851, 1, 67, 'A7', 0),
(2852, 1, 67, 'A8', 0),
(2853, 1, 67, 'A9', 0),
(2854, 1, 67, 'A10', 0),
(2855, 1, 67, 'B1', 0),
(2856, 1, 67, 'B2', 0),
(2857, 1, 67, 'B3', 0),
(2858, 1, 67, 'B4', 0),
(2859, 1, 67, 'B5', 0),
(2860, 1, 67, 'B6', 0),
(2861, 1, 67, 'B7', 0),
(2862, 1, 67, 'B8', 0),
(2863, 1, 67, 'B9', 0),
(2864, 1, 67, 'B10', 0),
(2865, 1, 67, 'C1', 0),
(2866, 1, 67, 'C2', 0),
(2867, 1, 67, 'C3', 0),
(2868, 1, 67, 'C4', 0),
(2869, 1, 67, 'C5', 0),
(2870, 1, 67, 'C6', 0),
(2871, 1, 67, 'C7', 0),
(2872, 1, 67, 'C8', 0),
(2873, 1, 67, 'C9', 0),
(2874, 1, 67, 'C10', 0),
(2875, 1, 67, 'D1', 0),
(2876, 1, 67, 'D2', 0),
(2877, 1, 67, 'D3', 0),
(2878, 1, 67, 'D4', 0),
(2879, 1, 67, 'D5', 0),
(2880, 1, 67, 'D6', 0),
(2881, 1, 67, 'D7', 0),
(2882, 1, 67, 'D8', 0),
(2883, 1, 67, 'D9', 0),
(2884, 1, 67, 'D10', 0),
(2885, 1, 67, 'E1', 0),
(2886, 1, 67, 'E2', 0),
(2887, 1, 67, 'E3', 0),
(2888, 1, 67, 'E4', 0),
(2889, 1, 67, 'E5', 0),
(2890, 1, 67, 'E6', 0),
(2891, 1, 67, 'E7', 0),
(2892, 1, 67, 'E8', 0),
(2893, 1, 67, 'E9', 0),
(2894, 1, 67, 'E10', 0),
(2895, 1, 67, 'F1', 0),
(2896, 1, 67, 'F2', 0),
(2897, 1, 67, 'F3', 0),
(2898, 1, 67, 'F4', 0),
(2899, 1, 67, 'F5', 0),
(2900, 1, 67, 'F6', 0),
(2901, 1, 67, 'F7', 0),
(2902, 1, 67, 'F8', 0),
(2903, 1, 67, 'F9', 0),
(2904, 1, 67, 'F10', 0),
(2905, 2, 68, 'A1', 0),
(2906, 2, 68, 'A2', 0),
(2907, 2, 68, 'A3', 0),
(2908, 2, 68, 'A4', 0),
(2909, 2, 68, 'A5', 0),
(2910, 2, 68, 'A6', 0),
(2911, 2, 68, 'A7', 0),
(2912, 2, 68, 'A8', 0),
(2913, 2, 68, 'A9', 0),
(2914, 2, 68, 'A10', 0),
(2915, 2, 68, 'B1', 0),
(2916, 2, 68, 'B2', 0),
(2917, 2, 68, 'B3', 0),
(2918, 2, 68, 'B4', 0),
(2919, 2, 68, 'B5', 0),
(2920, 2, 68, 'B6', 0),
(2921, 2, 68, 'B7', 0),
(2922, 2, 68, 'B8', 0),
(2923, 2, 68, 'B9', 0),
(2924, 2, 68, 'B10', 0),
(2925, 2, 68, 'C1', 0),
(2926, 2, 68, 'C2', 0),
(2927, 2, 68, 'C3', 0),
(2928, 2, 68, 'C4', 0),
(2929, 2, 68, 'C5', 0),
(2930, 2, 68, 'C6', 0),
(2931, 2, 68, 'C7', 0),
(2932, 2, 68, 'C8', 0),
(2933, 2, 68, 'C9', 0),
(2934, 2, 68, 'C10', 0),
(2935, 2, 68, 'D1', 0),
(2936, 2, 68, 'D2', 0),
(2937, 2, 68, 'D3', 0),
(2938, 2, 68, 'D4', 0),
(2939, 2, 68, 'D5', 0),
(2940, 2, 68, 'D6', 0),
(2941, 2, 68, 'D7', 0),
(2942, 2, 68, 'D8', 0),
(2943, 2, 68, 'D9', 0),
(2944, 2, 68, 'D10', 0),
(2945, 2, 68, 'E1', 0),
(2946, 2, 68, 'E2', 0),
(2947, 2, 68, 'E3', 0),
(2948, 2, 68, 'E4', 0),
(2949, 2, 68, 'E5', 0),
(2950, 2, 68, 'E6', 0),
(2951, 2, 68, 'E7', 0),
(2952, 2, 68, 'E8', 0),
(2953, 2, 68, 'E9', 0),
(2954, 2, 68, 'E10', 0),
(2955, 2, 68, 'F1', 0),
(2956, 2, 68, 'F2', 0),
(2957, 2, 68, 'F3', 0),
(2958, 2, 68, 'F4', 0),
(2959, 2, 68, 'F5', 0),
(2960, 2, 68, 'F6', 0),
(2961, 2, 68, 'F7', 0),
(2962, 2, 68, 'F8', 0),
(2963, 2, 68, 'F9', 0),
(2964, 2, 68, 'F10', 0),
(2965, 1, 69, 'A1', 0),
(2966, 1, 69, 'A2', 0),
(2967, 1, 69, 'A3', 0),
(2968, 1, 69, 'A4', 0),
(2969, 1, 69, 'A5', 0),
(2970, 1, 69, 'A6', 0),
(2971, 1, 69, 'A7', 0),
(2972, 1, 69, 'A8', 0),
(2973, 1, 69, 'A9', 0),
(2974, 1, 69, 'A10', 0),
(2975, 1, 69, 'B1', 0),
(2976, 1, 69, 'B2', 0),
(2977, 1, 69, 'B3', 0),
(2978, 1, 69, 'B4', 0),
(2979, 1, 69, 'B5', 0),
(2980, 1, 69, 'B6', 0),
(2981, 1, 69, 'B7', 0),
(2982, 1, 69, 'B8', 0),
(2983, 1, 69, 'B9', 0),
(2984, 1, 69, 'B10', 0),
(2985, 1, 69, 'C1', 0),
(2986, 1, 69, 'C2', 0),
(2987, 1, 69, 'C3', 0),
(2988, 1, 69, 'C4', 0),
(2989, 1, 69, 'C5', 0),
(2990, 1, 69, 'C6', 0),
(2991, 1, 69, 'C7', 0),
(2992, 1, 69, 'C8', 0),
(2993, 1, 69, 'C9', 0),
(2994, 1, 69, 'C10', 0),
(2995, 1, 69, 'D1', 0),
(2996, 1, 69, 'D2', 0),
(2997, 1, 69, 'D3', 0),
(2998, 1, 69, 'D4', 0),
(2999, 1, 69, 'D5', 1),
(3000, 1, 69, 'D6', 1),
(3001, 1, 69, 'D7', 0),
(3002, 1, 69, 'D8', 0),
(3003, 1, 69, 'D9', 0),
(3004, 1, 69, 'D10', 0),
(3005, 1, 69, 'E1', 0),
(3006, 1, 69, 'E2', 0),
(3007, 1, 69, 'E3', 0),
(3008, 1, 69, 'E4', 0),
(3009, 1, 69, 'E5', 0),
(3010, 1, 69, 'E6', 0),
(3011, 1, 69, 'E7', 0),
(3012, 1, 69, 'E8', 0),
(3013, 1, 69, 'E9', 0),
(3014, 1, 69, 'E10', 0),
(3015, 1, 69, 'F1', 0),
(3016, 1, 69, 'F2', 0),
(3017, 1, 69, 'F3', 0),
(3018, 1, 69, 'F4', 0),
(3019, 1, 69, 'F5', 0),
(3020, 1, 69, 'F6', 0),
(3021, 1, 69, 'F7', 0),
(3022, 1, 69, 'F8', 0),
(3023, 1, 69, 'F9', 0),
(3024, 1, 69, 'F10', 0),
(3025, 2, 70, 'A1', 0),
(3026, 2, 70, 'A2', 0),
(3027, 2, 70, 'A3', 0),
(3028, 2, 70, 'A4', 0),
(3029, 2, 70, 'A5', 0),
(3030, 2, 70, 'A6', 0),
(3031, 2, 70, 'A7', 0),
(3032, 2, 70, 'A8', 0),
(3033, 2, 70, 'A9', 0),
(3034, 2, 70, 'A10', 0),
(3035, 2, 70, 'B1', 0),
(3036, 2, 70, 'B2', 0),
(3037, 2, 70, 'B3', 0),
(3038, 2, 70, 'B4', 0),
(3039, 2, 70, 'B5', 0),
(3040, 2, 70, 'B6', 0),
(3041, 2, 70, 'B7', 0),
(3042, 2, 70, 'B8', 0),
(3043, 2, 70, 'B9', 0),
(3044, 2, 70, 'B10', 0),
(3045, 2, 70, 'C1', 0),
(3046, 2, 70, 'C2', 0),
(3047, 2, 70, 'C3', 0),
(3048, 2, 70, 'C4', 0),
(3049, 2, 70, 'C5', 0),
(3050, 2, 70, 'C6', 0),
(3051, 2, 70, 'C7', 0),
(3052, 2, 70, 'C8', 0),
(3053, 2, 70, 'C9', 0),
(3054, 2, 70, 'C10', 0),
(3055, 2, 70, 'D1', 0),
(3056, 2, 70, 'D2', 0),
(3057, 2, 70, 'D3', 0),
(3058, 2, 70, 'D4', 0),
(3059, 2, 70, 'D5', 0),
(3060, 2, 70, 'D6', 0),
(3061, 2, 70, 'D7', 0),
(3062, 2, 70, 'D8', 0),
(3063, 2, 70, 'D9', 0),
(3064, 2, 70, 'D10', 0),
(3065, 2, 70, 'E1', 0),
(3066, 2, 70, 'E2', 0),
(3067, 2, 70, 'E3', 0),
(3068, 2, 70, 'E4', 0),
(3069, 2, 70, 'E5', 0),
(3070, 2, 70, 'E6', 0),
(3071, 2, 70, 'E7', 0),
(3072, 2, 70, 'E8', 0),
(3073, 2, 70, 'E9', 0),
(3074, 2, 70, 'E10', 0),
(3075, 2, 70, 'F1', 0),
(3076, 2, 70, 'F2', 0),
(3077, 2, 70, 'F3', 0),
(3078, 2, 70, 'F4', 0),
(3079, 2, 70, 'F5', 0),
(3080, 2, 70, 'F6', 0),
(3081, 2, 70, 'F7', 0),
(3082, 2, 70, 'F8', 0),
(3083, 2, 70, 'F9', 0),
(3084, 2, 70, 'F10', 0),
(3085, 1, 71, 'A1', 0),
(3086, 1, 71, 'A2', 0),
(3087, 1, 71, 'A3', 0),
(3088, 1, 71, 'A4', 0),
(3089, 1, 71, 'A5', 0),
(3090, 1, 71, 'A6', 0),
(3091, 1, 71, 'A7', 0),
(3092, 1, 71, 'A8', 0),
(3093, 1, 71, 'A9', 0),
(3094, 1, 71, 'A10', 0),
(3095, 1, 71, 'B1', 0),
(3096, 1, 71, 'B2', 0),
(3097, 1, 71, 'B3', 0),
(3098, 1, 71, 'B4', 0),
(3099, 1, 71, 'B5', 0),
(3100, 1, 71, 'B6', 0),
(3101, 1, 71, 'B7', 0),
(3102, 1, 71, 'B8', 0),
(3103, 1, 71, 'B9', 0),
(3104, 1, 71, 'B10', 0),
(3105, 1, 71, 'C1', 0),
(3106, 1, 71, 'C2', 0),
(3107, 1, 71, 'C3', 0),
(3108, 1, 71, 'C4', 0),
(3109, 1, 71, 'C5', 0),
(3110, 1, 71, 'C6', 0),
(3111, 1, 71, 'C7', 0),
(3112, 1, 71, 'C8', 0),
(3113, 1, 71, 'C9', 0),
(3114, 1, 71, 'C10', 0),
(3115, 1, 71, 'D1', 0),
(3116, 1, 71, 'D2', 0),
(3117, 1, 71, 'D3', 0),
(3118, 1, 71, 'D4', 0),
(3119, 1, 71, 'D5', 0),
(3120, 1, 71, 'D6', 0),
(3121, 1, 71, 'D7', 0),
(3122, 1, 71, 'D8', 0),
(3123, 1, 71, 'D9', 0),
(3124, 1, 71, 'D10', 0),
(3125, 1, 71, 'E1', 0),
(3126, 1, 71, 'E2', 0),
(3127, 1, 71, 'E3', 0),
(3128, 1, 71, 'E4', 0),
(3129, 1, 71, 'E5', 0),
(3130, 1, 71, 'E6', 0),
(3131, 1, 71, 'E7', 0),
(3132, 1, 71, 'E8', 0),
(3133, 1, 71, 'E9', 0),
(3134, 1, 71, 'E10', 0),
(3135, 1, 71, 'F1', 0),
(3136, 1, 71, 'F2', 0),
(3137, 1, 71, 'F3', 0),
(3138, 1, 71, 'F4', 0),
(3139, 1, 71, 'F5', 0),
(3140, 1, 71, 'F6', 0),
(3141, 1, 71, 'F7', 0),
(3142, 1, 71, 'F8', 0),
(3143, 1, 71, 'F9', 0),
(3144, 1, 71, 'F10', 0),
(3145, 2, 72, 'A1', 0),
(3146, 2, 72, 'A2', 0),
(3147, 2, 72, 'A3', 0),
(3148, 2, 72, 'A4', 0),
(3149, 2, 72, 'A5', 0),
(3150, 2, 72, 'A6', 0),
(3151, 2, 72, 'A7', 0),
(3152, 2, 72, 'A8', 0),
(3153, 2, 72, 'A9', 0),
(3154, 2, 72, 'A10', 0),
(3155, 2, 72, 'B1', 0),
(3156, 2, 72, 'B2', 0),
(3157, 2, 72, 'B3', 0),
(3158, 2, 72, 'B4', 0),
(3159, 2, 72, 'B5', 0),
(3160, 2, 72, 'B6', 0),
(3161, 2, 72, 'B7', 0),
(3162, 2, 72, 'B8', 0),
(3163, 2, 72, 'B9', 0),
(3164, 2, 72, 'B10', 0),
(3165, 2, 72, 'C1', 0),
(3166, 2, 72, 'C2', 0),
(3167, 2, 72, 'C3', 0),
(3168, 2, 72, 'C4', 0),
(3169, 2, 72, 'C5', 0),
(3170, 2, 72, 'C6', 0),
(3171, 2, 72, 'C7', 0),
(3172, 2, 72, 'C8', 0),
(3173, 2, 72, 'C9', 0),
(3174, 2, 72, 'C10', 0),
(3175, 2, 72, 'D1', 0),
(3176, 2, 72, 'D2', 0),
(3177, 2, 72, 'D3', 0),
(3178, 2, 72, 'D4', 0),
(3179, 2, 72, 'D5', 0),
(3180, 2, 72, 'D6', 0),
(3181, 2, 72, 'D7', 0),
(3182, 2, 72, 'D8', 0),
(3183, 2, 72, 'D9', 0),
(3184, 2, 72, 'D10', 0),
(3185, 2, 72, 'E1', 0),
(3186, 2, 72, 'E2', 0),
(3187, 2, 72, 'E3', 0),
(3188, 2, 72, 'E4', 0),
(3189, 2, 72, 'E5', 0),
(3190, 2, 72, 'E6', 0),
(3191, 2, 72, 'E7', 0),
(3192, 2, 72, 'E8', 0),
(3193, 2, 72, 'E9', 0),
(3194, 2, 72, 'E10', 0),
(3195, 2, 72, 'F1', 0),
(3196, 2, 72, 'F2', 0),
(3197, 2, 72, 'F3', 0),
(3198, 2, 72, 'F4', 0),
(3199, 2, 72, 'F5', 0),
(3200, 2, 72, 'F6', 0),
(3201, 2, 72, 'F7', 0),
(3202, 2, 72, 'F8', 0),
(3203, 2, 72, 'F9', 0),
(3204, 2, 72, 'F10', 0);

-- --------------------------------------------------------

--
-- Cấu trúc bảng cho bảng `showtimes`
--

CREATE TABLE `showtimes` (
  `id` int(11) NOT NULL,
  `film_id` int(11) DEFAULT NULL,
  `room_id` int(11) DEFAULT NULL,
  `start_time` datetime DEFAULT NULL,
  `end_time` datetime DEFAULT NULL,
  `showdate` date DEFAULT NULL,
  `showtime_price` int(11) NOT NULL DEFAULT 45000,
  `created_date` datetime DEFAULT current_timestamp(),
  `updated_date` datetime DEFAULT NULL
) ENGINE=InnoDB DEFAULT CHARSET=utf8 COLLATE=utf8_general_mysql500_ci COMMENT='Lịch chiếu';

--
-- Đang đổ dữ liệu cho bảng `showtimes`
--

INSERT INTO `showtimes` (`id`, `film_id`, `room_id`, `start_time`, `end_time`, `showdate`, `showtime_price`, `created_date`, `updated_date`) VALUES
(36, 60, 1, '2023-06-10 17:05:00', '2023-06-10 19:20:00', '2023-06-10', 55000, '2023-06-05 16:05:43', '2023-06-05 16:05:43'),
(37, 60, 1, '2023-06-07 19:06:00', '2023-06-07 21:21:00', '2023-06-07', 55000, '2023-06-05 16:07:42', '2023-06-05 16:07:42'),
(44, 45, 1, '2023-06-13 16:00:00', '2023-06-13 18:15:00', '2023-06-13', 50000, '2023-06-13 15:23:20', '2023-06-13 15:23:20'),
(45, 45, 1, '2023-06-13 19:30:00', '2023-06-13 21:45:00', '2023-06-13', 55000, '2023-06-13 15:23:57', '2023-06-13 15:23:57'),
(46, 52, 1, '2023-06-17 10:29:00', '2023-06-17 12:44:00', '2023-06-17', 50000, '2023-06-13 15:29:26', '2023-06-13 15:29:26'),
(47, 49, 3, '2023-06-13 16:00:00', '2023-06-13 18:15:00', '2023-06-13', 50000, '2023-06-13 15:34:33', '2023-06-13 15:34:33'),
(48, 52, 2, '2023-06-15 16:40:00', '2023-06-15 18:55:00', '2023-06-15', 50000, '2023-06-13 15:35:50', '2023-06-13 15:35:50'),
(52, 46, 1, '2023-06-19 16:34:00', '2023-06-19 18:49:00', '2023-06-19', 50000, '2023-06-13 16:34:18', '2023-06-13 16:34:18'),
(53, 52, 1, '2023-06-14 17:00:00', '2023-06-14 19:15:00', '2023-06-14', 40000, '2023-06-14 14:36:59', '2023-06-14 14:36:59'),
(54, 55, 1, '2023-06-14 19:50:00', '2023-06-14 22:05:00', '2023-06-14', 55000, '2023-06-14 16:48:20', '2023-06-14 16:48:20'),
(55, 52, 2, '2023-06-14 21:00:00', '2023-06-14 23:15:00', '2023-06-14', 55000, '2023-06-14 16:54:07', '2023-06-14 16:54:07'),
(56, 1, 1, '2023-06-15 20:20:00', '2023-06-15 22:35:00', '2023-06-15', 55000, '2023-06-15 15:20:25', '2023-06-15 15:20:25'),
(57, 45, 3, '2023-06-17 10:45:00', '2023-06-17 13:00:00', '2023-06-17', 50000, '2023-06-16 22:45:47', '2023-06-16 22:45:47'),
(58, 53, 2, '2023-06-19 14:00:00', '2023-06-19 16:15:00', '2023-06-19', 50000, '2023-06-19 11:35:35', '2023-06-19 11:35:35'),
(59, 52, 3, '2023-06-19 19:30:00', '2023-06-19 21:45:00', '2023-06-19', 55000, '2023-06-19 11:36:31', '2023-06-19 11:36:31'),
(60, 51, 1, '2023-06-20 10:30:00', '2023-06-20 12:45:00', '2023-06-20', 50000, '2023-06-19 11:37:37', '2023-06-19 11:37:37'),
(61, 53, 2, '2023-06-20 14:00:00', '2023-06-20 16:15:00', '2023-06-20', 50000, '2023-06-19 11:38:20', '2023-06-19 11:38:20'),
(62, 45, 3, '2023-06-21 11:40:00', '2023-06-21 13:55:00', '2023-06-21', 50000, '2023-06-19 11:39:13', '2023-06-19 11:39:13'),
(65, 53, 1, '2023-06-20 21:35:00', '2023-06-20 23:50:00', '2023-06-20', 55000, '2023-06-20 21:30:51', '2023-06-20 21:30:51'),
(66, 45, 1, '2023-06-21 10:40:00', '2023-06-21 12:55:00', '2023-06-21', 50000, '2023-06-20 22:37:54', '2023-06-20 22:37:54'),
(67, 43, 1, '2023-06-22 10:00:00', '2023-06-22 12:15:00', '2023-06-22', 40000, '2023-06-20 22:56:44', '2023-06-20 22:56:44'),
(68, 53, 2, '2023-06-22 15:14:00', '2023-06-22 17:29:00', '2023-06-22', 50000, '2023-06-22 15:14:31', '2023-06-22 15:14:31'),
(69, 53, 1, '2023-06-22 19:30:00', '2023-06-22 21:45:00', '2023-06-22', 55000, '2023-06-22 15:18:50', '2023-06-22 15:18:50'),
(70, 53, 2, '2023-06-22 21:30:00', '2023-06-22 23:45:00', '2023-06-22', 55000, '2023-06-22 15:19:18', '2023-06-22 15:19:18'),
(71, 43, 1, '2023-06-25 14:00:00', '2023-06-25 16:15:00', '2023-06-25', 50000, '2023-06-25 10:58:40', '2023-06-25 10:58:40'),
(72, 53, 2, '2023-06-25 14:15:00', '2023-06-25 16:30:00', '2023-06-25', 50000, '2023-06-25 10:59:08', '2023-06-25 10:59:08');

-- --------------------------------------------------------

--
-- Cấu trúc bảng cho bảng `tickets`
--

CREATE TABLE `tickets` (
  `id` int(11) NOT NULL,
  `showtime_id` int(11) DEFAULT NULL,
  `type` varchar(255) DEFAULT NULL
) ENGINE=InnoDB DEFAULT CHARSET=utf8 COLLATE=utf8_general_mysql500_ci COMMENT='Vé xuất ra';

--
-- Đang đổ dữ liệu cho bảng `tickets`
--

INSERT INTO `tickets` (`id`, `showtime_id`, `type`) VALUES
(17, 44, NULL),
(21, 48, NULL),
(22, 48, NULL),
(25, 61, NULL),
(30, 65, NULL),
(34, 69, NULL),
(35, 69, NULL);

-- --------------------------------------------------------

--
-- Cấu trúc bảng cho bảng `users`
--

CREATE TABLE `users` (
  `id` int(11) NOT NULL,
  `username` varchar(255) NOT NULL,
  `password` varchar(255) NOT NULL,
  `enabled` tinyint(1) DEFAULT 1,
  `role` varchar(10) DEFAULT 'ROLE_USER',
  `email` varchar(45) DEFAULT NULL,
  `full_name` varchar(255) DEFAULT NULL,
  `phone` varchar(10) DEFAULT NULL,
  `created_at` datetime DEFAULT current_timestamp(),
  `updated_at` datetime DEFAULT NULL
) ENGINE=InnoDB DEFAULT CHARSET=utf8 COLLATE=utf8_general_mysql500_ci COMMENT='Bảng user';

--
-- Đang đổ dữ liệu cho bảng `users`
--

INSERT INTO `users` (`id`, `username`, `password`, `enabled`, `role`, `email`, `full_name`, `phone`, `created_at`, `updated_at`) VALUES
(1, 'admin0', 'admin123', 1, 'ROLE_ADMIN', NULL, NULL, NULL, NULL, NULL),
(9, 'thinh1', '123456', 1, 'ROLE_USER', 'thinh6122@gmail.com', 'nguyen thinh', '0975903646', NULL, '2023-06-22 19:35:54'),
(10, 'admin1', 'admin123', 1, 'ROLE_ADMIN', '', 'Admin', '', NULL, NULL),
(11, 'user01', '123456', 1, 'ROLE_USER', 'user01@gmail.com', 'Nguyễn Văn A', '0935893647', '2023-06-09 16:37:44', NULL),
(12, 'user02', '123456', 1, 'ROLE_USER', 'user02@gmail.com', 'user02', '0935893648', '2023-06-09 16:59:13', NULL),
(13, 'user03', '123456', 1, 'ROLE_USER', 'user03@gmail.com', 'user03', '0935893649', '2023-06-09 17:12:53', NULL),
(14, 'user04', '123456', 1, 'ROLE_USER', 'user04@gmail.com', 'user04', '0935893642', '2023-06-09 17:32:05', NULL),
(15, 'user05', '123456', 1, 'ROLE_USER', 'user05@gmail.com', 'user05', '0935893641', '2023-06-09 17:38:59', NULL),
(16, 'user06', '123456', 1, 'ROLE_USER', 'user06@gmail.com', 'user10', '0123456789', '2023-06-09 17:40:11', NULL),
(17, 'user09', '123456', 1, 'ROLE_USER', 'user09@gmail.com', 'user09', '0123456789', '2023-06-20 20:11:25', NULL),
(18, 'a12345', '123456', 1, 'ROLE_USER', 'aaaa@gmail.com', 'aaaaaaa', '0321456789', '2023-06-20 21:02:36', NULL);

--
-- Chỉ mục cho các bảng đã đổ
--

--
-- Chỉ mục cho bảng `bookings`
--
ALTER TABLE `bookings`
  ADD PRIMARY KEY (`id`);

--
-- Chỉ mục cho bảng `booking_details`
--
ALTER TABLE `booking_details`
  ADD PRIMARY KEY (`id`);

--
-- Chỉ mục cho bảng `categories`
--
ALTER TABLE `categories`
  ADD PRIMARY KEY (`id`);

--
-- Chỉ mục cho bảng `category_film`
--
ALTER TABLE `category_film`
  ADD PRIMARY KEY (`id`);

--
-- Chỉ mục cho bảng `films`
--
ALTER TABLE `films`
  ADD PRIMARY KEY (`id`);

--
-- Chỉ mục cho bảng `ratings`
--
ALTER TABLE `ratings`
  ADD PRIMARY KEY (`id`);

--
-- Chỉ mục cho bảng `rooms`
--
ALTER TABLE `rooms`
  ADD PRIMARY KEY (`id`);

--
-- Chỉ mục cho bảng `seats`
--
ALTER TABLE `seats`
  ADD PRIMARY KEY (`id`);

--
-- Chỉ mục cho bảng `showtimes`
--
ALTER TABLE `showtimes`
  ADD PRIMARY KEY (`id`);

--
-- Chỉ mục cho bảng `tickets`
--
ALTER TABLE `tickets`
  ADD PRIMARY KEY (`id`);

--
-- Chỉ mục cho bảng `users`
--
ALTER TABLE `users`
  ADD PRIMARY KEY (`id`),
  ADD UNIQUE KEY `username_UNIQUE` (`username`);

--
-- AUTO_INCREMENT cho các bảng đã đổ
--

--
-- AUTO_INCREMENT cho bảng `bookings`
--
ALTER TABLE `bookings`
  MODIFY `id` int(11) NOT NULL AUTO_INCREMENT, AUTO_INCREMENT=40;

--
-- AUTO_INCREMENT cho bảng `booking_details`
--
ALTER TABLE `booking_details`
  MODIFY `id` int(11) NOT NULL AUTO_INCREMENT, AUTO_INCREMENT=35;

--
-- AUTO_INCREMENT cho bảng `categories`
--
ALTER TABLE `categories`
  MODIFY `id` int(11) NOT NULL AUTO_INCREMENT, AUTO_INCREMENT=16;

--
-- AUTO_INCREMENT cho bảng `category_film`
--
ALTER TABLE `category_film`
  MODIFY `id` int(11) NOT NULL AUTO_INCREMENT, AUTO_INCREMENT=175;

--
-- AUTO_INCREMENT cho bảng `films`
--
ALTER TABLE `films`
  MODIFY `id` int(11) NOT NULL AUTO_INCREMENT, AUTO_INCREMENT=62;

--
-- AUTO_INCREMENT cho bảng `ratings`
--
ALTER TABLE `ratings`
  MODIFY `id` int(11) NOT NULL AUTO_INCREMENT, AUTO_INCREMENT=8;

--
-- AUTO_INCREMENT cho bảng `rooms`
--
ALTER TABLE `rooms`
  MODIFY `id` int(11) NOT NULL AUTO_INCREMENT, AUTO_INCREMENT=10;

--
-- AUTO_INCREMENT cho bảng `seats`
--
ALTER TABLE `seats`
  MODIFY `id` int(11) NOT NULL AUTO_INCREMENT, AUTO_INCREMENT=3205;

--
-- AUTO_INCREMENT cho bảng `showtimes`
--
ALTER TABLE `showtimes`
  MODIFY `id` int(11) NOT NULL AUTO_INCREMENT, AUTO_INCREMENT=73;

--
-- AUTO_INCREMENT cho bảng `tickets`
--
ALTER TABLE `tickets`
  MODIFY `id` int(11) NOT NULL AUTO_INCREMENT, AUTO_INCREMENT=36;

--
-- AUTO_INCREMENT cho bảng `users`
--
ALTER TABLE `users`
  MODIFY `id` int(11) NOT NULL AUTO_INCREMENT, AUTO_INCREMENT=20;
COMMIT;

/*!40101 SET CHARACTER_SET_CLIENT=@OLD_CHARACTER_SET_CLIENT */;
/*!40101 SET CHARACTER_SET_RESULTS=@OLD_CHARACTER_SET_RESULTS */;
/*!40101 SET COLLATION_CONNECTION=@OLD_COLLATION_CONNECTION */;
